GeographyCode,QS110NI0001,QS110NI0002,QS110NI0003,QS110NI0004,QS110NI0005,QS110NI0006,QS110NI0007,QS110NI0008,QS110NI0009,QS110NI0010,QS110NI0011,QS110NI0012,QS110NI0013,QS110NI0014,QS110NI0015,QS110NI0016,QS110NI0017,QS110NI0018,QS110NI0019,QS110NI0020,QS110NI0021,QS110NI0022,QS110NI0023,QS110NI0024,QS110NI0025,QS110NI0026,QS110NI0027
95AA01S1,982,21,2,19,926,2,879,158,198,523,0,2,25,10,3,12,0,18,5,11,2,35,8,6,4,0,17
95AA01S2,1814,120,47,73,1525,78,1230,190,225,625,190,0,97,34,24,33,6,120,21,42,57,169,22,83,0,2,62
95AA01S3,1494,155,45,110,1177,62,881,164,194,345,178,0,77,44,9,18,6,157,38,58,61,162,48,47,2,0,65
95AA02W1,1734,346,155,191,1246,106,720,186,116,214,204,0,153,68,43,33,9,267,67,107,93,142,44,29,0,2,67
95AA03W1,1822,323,123,200,1357,108,671,138,136,265,132,0,168,62,39,64,3,410,111,180,119,142,40,28,0,2,72
95AA04W1,3002,171,73,98,2468,154,1981,282,319,936,444,0,150,36,41,60,13,183,39,54,90,363,93,142,2,10,116
95AA05W1,2654,192,88,104,2252,138,1738,182,266,846,444,0,130,34,31,43,22,246,88,76,82,210,83,53,0,10,64
95AA06S1,1953,187,90,97,1614,88,1099,128,194,587,190,0,143,28,34,70,11,284,66,162,56,152,47,66,0,2,37
95AA06S2,2651,169,69,100,2262,59,1688,154,283,1010,241,2,126,44,19,60,3,387,100,224,63,220,68,92,0,5,55
95AA07W1,2119,201,73,128,1726,138,1195,216,166,502,311,0,147,48,39,53,7,246,55,104,87,192,57,57,0,16,62
95AA08W1,1676,215,67,148,1287,96,615,100,119,185,211,0,158,36,45,62,15,418,109,198,111,174,38,58,0,4,74
95AA09W1,2143,307,87,220,1655,116,868,192,159,289,228,0,194,58,51,60,25,477,149,235,93,181,70,28,0,7,76
95AA10W1,1953,199,64,135,1579,138,886,188,136,334,228,0,146,34,28,69,15,409,96,191,122,175,72,42,0,8,53
95AA11S1,2698,330,115,215,2077,136,1362,278,270,612,202,2,272,104,68,80,20,305,85,131,89,291,80,61,0,6,144
95AA11S2,2431,157,44,113,2055,96,1613,246,337,816,214,0,166,64,37,58,7,180,52,81,47,219,74,63,3,2,77
95AA12W1,2775,180,92,88,2354,130,1946,306,401,918,321,2,111,48,22,31,10,165,31,75,59,241,48,99,0,14,80
95AA13S1,1707,151,47,104,1420,66,958,134,164,443,217,0,136,18,46,66,6,260,52,140,68,136,29,37,0,2,68
95AA13S2,1561,175,78,97,1238,78,821,124,147,407,143,0,134,44,36,45,9,205,71,75,59,148,30,49,0,6,63
95AA14W1,2302,130,80,50,1951,116,1589,270,288,667,364,0,54,20,6,22,6,192,30,85,77,221,57,86,0,14,64
95AA15S1,2630,223,50,173,2186,78,1476,280,310,648,238,0,264,106,74,81,3,368,119,154,95,221,46,54,0,0,121
95AA15S2,1472,172,28,144,1129,22,620,106,134,289,91,0,154,46,40,59,9,333,97,185,51,171,67,36,0,3,65
95AA16W1,1807,318,91,227,1333,116,721,144,150,291,136,0,174,60,54,49,11,322,83,142,97,156,33,26,0,2,95
95AA17W1,2142,237,71,166,1721,88,1022,192,146,405,279,0,192,42,55,78,17,419,137,171,111,184,55,71,3,0,55
95AA18W1,2373,257,121,136,1930,290,1321,346,133,556,286,2,139,66,24,46,3,178,50,68,60,186,64,24,4,8,86
95AA19W1,2645,157,66,91,2240,80,1729,118,357,899,355,2,54,18,6,30,0,375,67,165,143,248,85,88,0,12,63
95BB01S1,1574,105,51,54,1299,82,1016,140,192,470,214,2,68,18,12,16,22,131,33,55,43,170,43,27,0,7,93
95BB01S2,2035,165,56,109,1771,114,1312,210,280,560,262,0,143,38,27,46,32,202,55,91,56,99,35,16,0,0,48
95BB02W1,2334,438,202,236,1672,217,894,214,203,278,199,2,163,66,35,54,8,396,121,104,171,224,28,32,0,20,144
95BB03S1,2026,263,134,129,1611,158,989,206,190,434,159,4,191,70,36,79,6,269,102,80,87,152,30,28,0,4,90
95BB03S2,2191,214,117,97,1788,218,1197,284,206,467,240,0,169,84,27,49,9,204,61,88,55,189,43,53,0,11,82
95BB04S1,1399,192,80,112,1081,164,682,208,161,152,161,0,78,22,23,23,10,157,42,55,60,126,38,25,0,6,57
95BB04S2,1610,157,96,61,1366,210,959,216,126,356,261,2,72,32,12,17,11,123,41,33,49,87,9,37,0,11,30
95BB05S1,1490,107,54,53,1260,130,963,202,142,410,209,2,66,26,15,22,3,99,36,31,32,123,21,35,0,11,56
95BB05S2,1911,175,80,95,1597,138,1140,252,191,425,272,0,146,46,12,71,17,173,60,46,67,139,29,53,0,2,55
95BB06W1,2870,680,296,384,1908,184,931,296,158,258,219,9,253,146,60,27,20,531,207,156,168,282,39,62,0,19,162
95BB07S1,1601,343,163,180,1178,124,529,160,122,162,85,0,202,90,57,44,11,323,127,100,96,80,10,19,0,0,51
95BB07S2,1295,88,47,41,1160,118,809,166,138,315,190,0,83,24,23,21,15,150,46,45,59,47,13,17,0,2,15
95BB08S1,1331,199,105,94,1047,92,624,132,119,224,149,0,99,26,23,40,10,232,59,77,96,85,20,22,0,14,29
95BB08S2,1294,80,25,55,1115,64,915,172,149,378,216,0,51,32,15,4,0,85,29,33,23,99,17,49,0,0,33
95BB09S1,1291,141,74,67,1042,142,714,212,138,236,128,0,65,34,12,16,3,121,44,26,51,108,21,20,0,5,62
95BB09S2,1618,199,67,132,1350,94,1001,224,205,320,252,4,108,58,15,24,11,143,51,20,72,69,18,21,0,0,30
95BB10S1,1663,401,183,218,1164,172,658,192,107,194,165,0,136,62,26,35,13,198,84,58,56,98,19,19,0,4,56
95BB10S2,1615,114,64,50,1389,190,1016,264,197,371,184,0,65,30,24,8,3,118,22,60,36,112,20,38,0,12,42
95BB11S1,1408,206,80,126,1140,112,643,110,135,244,154,0,104,36,31,26,11,281,94,112,75,62,8,29,0,10,15
95BB11S2,1495,271,155,116,1154,176,725,188,155,216,166,4,68,22,4,36,6,181,46,46,89,70,17,9,0,10,34
95BB12S1,1440,200,73,127,1127,88,531,108,105,208,110,0,151,62,37,36,16,357,103,153,101,113,39,29,0,4,41
95BB12S2,1336,91,52,39,1140,126,790,144,170,291,185,0,85,10,28,41,6,139,42,64,33,105,20,47,0,8,30
95BB13S1,1392,88,21,67,1253,66,878,138,175,422,143,0,87,30,12,41,4,222,84,104,34,51,10,15,0,4,22
95BB13S2,1466,142,58,84,1215,152,716,152,132,242,190,0,108,38,25,16,29,239,63,116,60,109,32,41,0,3,33
95BB13S3,1580,93,31,62,1416,60,1059,214,208,475,162,7,118,56,18,40,4,172,53,81,38,71,15,27,0,0,29
95BB14S1,1510,97,50,47,1266,124,981,190,137,423,231,0,71,40,15,13,3,90,21,26,43,147,44,43,0,8,52
95BB14S2,1578,162,81,81,1331,130,958,168,152,415,223,2,96,34,15,47,0,145,30,64,51,85,17,14,0,4,50
95BB15S1,2005,134,69,65,1664,108,1297,218,219,648,212,0,97,40,28,26,3,162,58,38,66,207,32,77,0,18,80
95BB15S2,1484,167,59,108,1248,70,789,108,150,355,176,0,119,28,40,40,11,270,74,108,88,69,17,10,0,3,39
95BB16S1,1533,98,54,44,1295,134,1038,194,171,406,267,0,39,12,6,18,3,84,18,22,44,140,26,42,0,4,68
95BB16S2,1600,127,57,70,1363,140,1038,222,214,428,174,0,82,18,9,39,16,103,13,48,42,110,19,27,0,14,50
95BB17S1,1793,188,56,132,1489,54,997,224,197,446,130,0,161,64,47,47,3,277,107,113,57,116,40,37,0,2,37
95BB17S2,1742,147,59,88,1441,104,925,182,129,409,205,0,125,32,26,64,3,287,67,135,85,154,34,55,0,2,63
95BB18S1,1688,216,82,134,1337,126,776,206,150,306,114,3,166,52,36,60,18,266,73,128,65,135,27,32,0,2,74
95BB18S2,2524,156,64,92,2180,156,1681,280,267,823,311,0,155,64,24,55,12,188,33,106,49,188,62,48,0,15,63
95BB19S1,1557,161,73,88,1291,90,900,204,164,328,204,0,92,42,24,23,3,209,68,71,70,105,29,29,0,3,44
95BB19S2,1777,65,17,48,1612,52,1329,222,257,645,205,0,88,30,25,23,10,143,47,54,42,100,18,44,0,3,35
95BB19S3,1391,75,26,49,1234,44,967,158,186,433,190,0,94,24,21,42,7,129,32,64,33,82,20,41,0,0,21
95BB20S1,1844,170,70,100,1565,102,1200,166,236,525,273,0,72,20,19,24,9,191,19,96,76,109,37,27,0,5,40
95BB20S2,1524,199,88,111,1165,74,776,104,144,312,216,0,86,34,24,25,3,229,47,102,80,160,24,65,0,18,53
95BB21S1,2379,231,101,130,1958,168,1390,252,259,620,259,0,147,58,28,52,9,253,96,92,65,190,53,65,0,0,72
95BB21S2,2320,209,96,113,1918,128,1474,304,285,669,216,0,118,48,21,41,8,198,74,67,57,193,30,80,0,2,81
95BB22S1,1525,143,27,116,1293,60,794,156,155,371,112,2,149,58,12,73,6,288,95,143,50,89,25,30,0,0,34
95BB22S2,1468,177,41,136,1189,44,609,84,87,305,133,0,121,32,25,58,6,415,139,185,91,102,31,16,0,4,51
95BB23S1,1540,150,79,71,1295,180,930,242,130,304,254,4,54,20,10,21,3,127,29,36,62,95,31,41,2,4,17
95BB23S2,1436,86,27,59,1271,90,979,182,186,356,255,0,64,18,15,31,0,138,38,39,61,79,15,39,0,0,25
95CC01W1,2376,234,92,142,1851,84,1174,130,276,507,261,0,112,54,30,25,3,481,158,157,166,291,74,81,0,5,131
95CC02W1,2693,171,83,88,2288,108,1823,176,286,884,477,0,139,34,44,57,4,218,30,79,109,234,60,67,0,27,80
95CC03W1,2791,367,145,222,1976,62,1007,132,177,442,256,0,213,72,61,80,0,694,204,348,142,448,100,156,0,20,172
95CC04W1,2384,177,94,83,2026,94,1566,116,241,815,394,0,87,26,35,26,0,279,39,113,127,181,48,67,0,8,58
95CC05W1,2749,227,114,113,2271,116,1759,190,290,945,334,0,79,38,9,32,0,317,63,122,132,251,52,71,0,25,103
95CC06S1,1458,150,58,92,1224,88,906,172,154,382,198,0,82,42,6,31,3,148,44,65,39,84,35,25,0,2,22
95CC06S2,1292,151,65,86,1052,78,690,102,132,318,138,0,69,28,3,38,0,215,74,72,69,89,20,37,0,2,30
95CC07W1,3475,227,99,128,2876,90,2223,188,329,1243,463,0,125,32,27,60,6,438,121,195,122,372,107,143,0,8,114
95CC08W1,2511,286,120,166,2016,116,1259,106,259,591,303,0,151,54,45,49,3,490,220,143,127,209,61,35,0,20,93
95CC09S1,1485,78,44,34,1299,90,1084,124,141,559,260,0,40,24,3,13,0,85,26,15,44,108,7,71,0,4,26
95CC09S2,1838,157,51,106,1577,88,1196,226,186,535,249,0,102,42,30,23,7,191,44,77,70,104,12,22,2,2,66
95CC10W1,2495,186,80,106,2058,184,1554,220,265,662,407,0,109,32,22,52,3,211,38,63,110,251,40,84,0,14,113
95CC11W1,1787,290,112,178,1327,104,813,140,181,263,229,0,66,36,12,15,3,344,94,141,109,170,38,20,0,8,104
95CC12W1,2751,175,76,99,2360,126,1901,166,291,1012,432,0,60,18,15,27,0,273,65,108,100,216,46,85,0,8,77
95CC13W1,2474,168,65,103,2073,100,1692,188,246,839,419,0,47,26,17,4,0,234,37,79,118,233,40,110,0,13,70
95CC14W1,3017,249,119,130,2640,172,1969,340,309,922,398,0,150,68,37,42,3,349,70,165,114,128,31,33,0,3,61
95CC15W1,2893,213,98,115,2469,122,1899,200,311,986,402,0,130,50,30,41,9,318,89,96,133,211,58,69,0,12,72
95CC16W1,2801,302,158,144,2332,152,1683,220,312,829,322,0,139,44,46,42,7,358,131,135,92,167,47,33,0,27,60
95CC17W1,2724,178,78,100,2312,108,1868,174,348,894,452,0,87,24,29,31,3,249,47,92,110,234,67,80,0,5,82
95CC18W1,2309,284,138,146,1825,148,1227,160,196,546,325,0,146,50,44,30,22,304,105,79,120,200,53,52,6,6,83
95CC19W1,2720,242,124,118,2269,118,1803,246,249,957,351,0,84,20,29,26,9,264,64,99,101,209,65,39,0,4,101
95CC20S1,1308,112,53,59,1133,58,882,150,168,383,181,0,75,16,21,35,3,118,23,61,34,63,29,19,0,0,15
95CC20S2,1658,163,61,102,1357,78,980,170,167,450,193,0,114,44,31,36,3,185,56,72,57,138,36,30,0,3,69
95CC21W1,2925,307,119,188,2463,182,1705,336,285,741,343,0,197,72,36,78,11,379,114,141,124,155,53,15,0,6,81
95CC22W1,1724,370,166,204,1208,104,664,142,134,231,157,0,112,42,40,24,6,328,103,86,139,146,26,22,0,4,94
95DD01W1,2031,196,111,85,1675,258,1154,282,158,449,265,0,109,26,30,44,9,154,34,53,67,160,40,24,0,7,89
95DD02S1,1453,167,81,86,1197,82,836,162,164,329,181,2,66,24,25,10,7,211,58,70,83,89,30,22,0,4,33
95DD02S2,2419,178,66,112,2090,98,1568,248,317,725,278,0,183,66,55,53,9,241,76,81,84,151,27,66,0,3,55
95DD03W1,3474,305,142,163,2860,290,1927,400,396,815,316,0,221,106,53,53,9,422,153,153,116,309,58,58,3,11,179
95DD04W1,1926,303,127,176,1456,84,638,152,124,232,130,0,200,60,57,76,7,534,143,229,162,167,39,53,0,2,73
95DD05W1,1739,174,51,123,1439,54,739,150,134,256,199,0,163,38,43,70,12,483,132,231,120,126,32,39,0,2,53
95DD06W1,2427,187,109,78,2053,258,1487,318,255,516,398,0,114,42,26,32,14,194,50,51,93,187,51,50,0,22,64
95DD07S1,1596,186,99,87,1294,174,808,180,178,264,186,0,125,44,32,38,11,187,61,60,66,116,36,25,0,16,39
95DD07S2,1767,211,109,102,1447,136,984,164,168,468,184,0,125,32,20,60,13,202,44,89,69,109,29,22,0,14,44
95DD08W1,2083,485,218,267,1210,92,528,116,91,176,145,0,226,100,60,48,18,364,89,119,156,388,63,51,8,16,250
95DD09W1,2572,164,78,86,2207,174,1767,300,264,804,399,4,55,22,9,18,6,207,37,74,96,201,32,49,0,25,95
95DD10W1,2805,361,195,166,2249,174,1504,278,266,526,434,0,186,54,37,83,12,385,147,91,147,195,44,52,0,5,94
95DD11W1,2363,301,102,199,1762,70,801,142,147,390,122,0,279,64,71,125,19,612,144,327,141,300,59,117,0,5,119
95DD12W1,2582,163,82,81,2208,166,1807,262,340,811,394,0,56,16,18,19,3,179,37,60,82,211,79,43,0,10,79
95DD13W1,1743,272,114,158,1184,86,699,102,111,294,192,0,100,36,21,43,0,299,88,114,97,287,78,88,0,16,105
95DD14S1,1601,154,73,81,1341,92,985,180,216,436,153,0,51,26,12,9,4,213,62,79,72,106,33,24,0,9,40
95DD14S2,1667,105,43,62,1441,148,1114,196,186,473,259,0,68,20,16,29,3,111,20,49,42,121,17,48,0,5,51
95DD15W1,3451,239,93,146,2947,132,2272,244,345,1133,550,0,196,46,24,117,9,347,87,108,152,265,70,77,0,18,100
95DD16W1,2943,197,93,104,2477,130,2040,298,328,847,567,2,105,30,23,36,16,200,29,76,95,269,67,100,0,19,83
95DD17W1,3461,192,93,99,2975,167,2438,318,368,1215,537,0,140,38,50,34,18,230,47,78,105,294,65,111,0,34,84
95DD18W1,1813,311,118,193,1350,170,784,218,130,213,223,0,123,66,24,27,6,273,79,70,124,152,35,26,3,7,81
95DD19S1,1855,193,74,119,1554,80,1059,188,250,440,181,0,120,36,15,65,4,295,75,152,68,108,28,14,0,5,61
95DD19S2,1460,104,49,55,1241,124,948,174,171,362,241,0,58,28,9,12,9,111,15,49,47,115,27,44,0,2,42
95DD20W1,1742,330,101,229,1230,130,555,110,81,204,160,4,133,58,39,30,6,408,124,126,158,182,54,43,0,9,76
95DD21W1,2130,242,108,134,1635,152,951,228,186,320,217,0,165,54,45,53,13,367,132,131,104,253,46,66,0,7,134
95DD22S1,1537,139,62,77,1272,84,1012,144,191,422,255,0,41,20,14,4,3,135,29,42,64,126,25,46,0,12,43
95DD22S2,1581,170,84,86,1213,68,926,132,193,389,212,0,48,22,12,14,0,171,42,69,60,198,37,91,0,6,64
95DD23W1,2490,154,81,73,2121,170,1646,220,304,719,403,0,107,40,6,55,6,198,31,56,111,215,42,72,0,20,81
95DD24W1,2692,198,93,105,2231,150,1554,228,269,694,363,0,139,52,42,31,14,388,111,132,145,263,63,70,0,5,125
95EE01W1,1895,93,35,58,1578,74,1256,118,174,694,270,4,89,24,36,23,6,155,23,69,63,224,74,68,0,14,68
95EE02W1,2095,186,71,115,1756,70,1285,232,189,571,293,2,166,48,51,58,9,233,30,81,122,153,32,57,0,4,60
95EE03W1,1983,231,85,146,1591,124,1038,174,229,415,220,0,155,44,37,62,12,274,62,109,103,161,45,37,2,8,69
95EE04W1,1990,168,75,93,1600,110,1158,178,175,517,288,0,121,56,28,28,9,211,58,68,85,222,58,59,0,11,94
95EE05W1,1497,135,64,71,1217,98,873,162,155,368,188,0,104,58,24,16,6,142,16,31,95,145,38,45,0,5,57
95EE06W1,2278,123,72,51,1896,70,1541,84,277,854,326,0,111,28,24,48,11,174,63,64,47,259,69,93,0,22,75
95EE07W1,1798,207,107,100,1430,158,891,142,155,422,172,0,120,46,40,31,3,261,73,111,77,161,47,57,0,10,47
95EE08W1,1633,224,94,130,1283,138,864,190,111,327,236,0,80,42,21,14,3,201,59,62,80,126,28,34,0,4,60
95EE09W1,1859,95,40,55,1547,80,1158,130,203,523,302,0,144,24,18,94,8,165,26,47,92,217,54,75,4,8,76
95EE10W1,1797,116,48,68,1373,68,1055,118,175,514,248,0,113,46,21,29,17,137,23,49,65,308,101,95,0,26,86
95EE11W1,1677,82,46,36,1406,92,1077,132,167,483,295,2,80,22,16,30,12,155,17,41,97,189,45,61,0,18,65
95EE12W1,2500,310,88,222,1972,88,1156,220,234,489,213,0,252,122,64,63,3,476,162,180,134,218,38,74,0,6,100
95EE13W1,1529,297,155,142,1118,142,693,112,104,295,182,0,94,36,12,43,3,189,31,69,89,114,23,6,0,12,73
95EE14W1,2684,213,99,114,2290,162,1591,266,336,743,246,0,223,70,43,98,12,314,83,100,131,181,42,35,0,10,94
95EE15W1,1728,129,61,68,1411,74,1119,168,160,522,269,0,98,18,27,47,6,120,23,31,66,188,64,58,0,18,48
95EE16W1,2111,132,52,80,1746,90,1405,180,226,696,303,0,105,32,27,42,4,146,24,53,69,233,48,110,0,12,63
95FF01S1,2098,160,69,91,1849,137,1353,216,232,633,272,0,129,58,18,50,3,230,75,96,59,89,10,26,0,5,48
95FF01S2,2655,175,50,125,2317,108,1701,232,372,830,267,2,188,92,55,38,3,318,110,149,59,163,22,65,0,2,74
95FF02W1,2817,190,90,100,2385,98,1970,212,283,1084,391,0,108,38,25,45,0,209,32,61,116,242,57,60,0,10,115
95FF03W1,3006,268,88,180,2549,116,1705,266,381,727,331,0,217,118,46,44,9,511,210,197,104,189,34,51,0,2,102
95FF04W1,2629,136,77,59,2232,124,1841,222,304,915,400,4,91,28,18,36,9,172,25,48,99,261,61,52,0,20,128
95FF05W1,2563,367,145,222,2021,186,1249,242,246,512,249,2,187,64,48,57,18,397,117,161,119,175,55,27,0,22,71
95FF06S1,1974,224,81,143,1621,120,1122,240,208,548,126,2,153,76,39,38,0,224,88,64,72,129,24,46,0,11,48
95FF06S2,2080,130,42,88,1801,78,1440,208,250,822,160,0,105,36,24,45,0,178,67,58,53,149,18,57,0,13,61
95FF07W1,2763,363,111,252,2187,108,1220,186,189,608,237,0,197,66,54,71,6,662,195,284,183,213,74,45,0,7,87
95FF08W1,2328,351,184,167,1871,168,1260,192,273,499,296,0,176,46,55,68,7,267,69,116,82,106,23,29,0,13,41
95FF09W1,2521,300,111,189,2028,114,1403,216,253,687,247,0,206,60,65,68,13,305,90,133,82,193,27,52,0,19,95
95FF10W1,3473,228,69,159,3040,150,2318,312,419,1169,418,4,244,100,83,55,6,324,101,82,141,205,38,67,0,10,90
95FF11W1,2582,157,85,72,2224,107,1847,246,339,896,366,2,77,30,16,15,16,191,21,46,124,201,46,44,0,17,94
95FF12W1,2721,229,86,143,2280,118,1680,258,274,722,426,0,157,72,30,46,9,325,94,90,141,212,35,88,0,13,76
95FF13W1,2708,218,89,129,2297,136,1736,240,262,819,415,0,144,66,27,51,0,281,45,129,107,193,24,71,0,5,93
95FF14W1,2413,149,68,81,2111,152,1755,272,244,865,374,2,75,40,6,23,6,127,18,29,80,153,14,23,0,19,97
95FF15W1,2680,335,170,165,2106,116,1369,196,230,642,301,0,178,52,32,86,8,443,124,165,154,239,65,51,0,16,107
95FF16W1,2317,255,104,151,1929,172,1398,224,249,590,335,0,104,32,21,45,6,255,75,99,81,133,35,25,0,10,63
95FF17W1,1717,378,143,235,1244,116,666,160,109,242,155,4,176,64,40,72,0,282,81,96,105,95,9,17,0,8,61
95GG01S1,1765,226,128,98,1314,146,731,100,135,202,294,0,82,22,9,45,6,355,87,108,160,225,67,55,0,30,73
95GG01S2,1464,226,121,105,1015,98,532,58,96,182,196,0,46,30,3,5,8,339,67,137,135,223,75,62,2,9,75
95GG01S3,1616,197,91,106,1180,82,666,44,142,215,265,0,71,12,9,40,10,361,89,126,146,239,56,68,2,17,96
95GG02S1,1745,245,89,156,1223,54,372,50,79,142,101,0,96,26,28,39,3,701,234,320,147,277,65,74,5,12,121
95GG02S2,2018,282,96,186,1408,62,372,52,68,107,145,0,138,36,31,61,10,836,226,470,140,328,94,86,0,10,138
95GG02S3,2224,358,122,236,1506,32,418,56,75,146,141,2,69,16,20,30,3,985,292,502,191,360,86,144,0,13,117
95GG03S1,1952,333,112,221,1505,124,1044,224,192,506,122,6,158,80,36,39,3,173,76,50,47,114,23,11,0,8,72
95GG03S2,1833,242,114,128,1410,106,1030,180,188,441,221,4,87,46,18,19,4,183,36,72,75,181,15,38,3,18,107
95GG03S3,2072,404,132,272,1395,112,808,170,182,298,158,4,224,120,43,55,6,247,70,83,94,273,52,41,2,16,162
95GG04S1,1708,323,115,208,1139,54,395,70,102,120,103,0,77,42,23,9,3,613,206,261,146,246,65,63,2,10,106
95GG04S2,1564,232,88,144,1112,20,403,46,68,150,139,0,79,16,21,35,7,610,157,335,118,220,54,93,0,9,64
95GG04S3,1636,405,120,285,1034,68,374,78,84,119,93,2,162,66,40,50,6,428,167,125,136,197,41,34,0,4,118
95GG05S1,1777,325,67,258,1091,44,590,114,130,275,71,2,211,110,24,64,13,244,80,68,96,361,27,32,6,6,290
95GG05S2,2009,360,69,291,1130,20,635,126,153,246,110,5,253,164,51,24,14,217,75,94,48,519,60,23,29,9,398
95GG05S3,2106,393,89,304,1039,40,409,88,85,148,88,2,250,120,31,86,13,338,124,117,97,674,35,58,19,4,558
95GG06S1,1866,212,89,123,1456,98,644,136,154,198,156,2,158,42,57,46,13,554,192,197,165,198,47,52,4,12,83
95GG06S2,1779,303,117,186,1338,106,710,160,153,216,181,6,190,58,65,59,8,326,138,87,101,138,45,33,0,4,56
95GG06S3,1922,208,83,125,1566,84,1010,132,298,407,173,0,122,36,29,44,13,350,108,145,97,148,24,42,0,5,77
95GG07S1,1844,286,85,201,1251,60,613,68,145,189,211,0,109,46,21,39,3,469,156,182,131,307,61,92,9,18,127
95GG07S2,1922,253,79,174,1297,36,431,50,78,159,144,2,112,38,27,44,3,716,230,357,129,372,108,114,5,2,143
95GG07S3,1701,203,53,150,1181,58,528,42,135,163,188,0,83,20,31,29,3,512,180,191,141,317,99,125,6,0,87
95GG08S1,1394,158,81,77,1115,120,753,120,131,330,172,2,68,32,13,23,0,172,27,84,61,121,33,32,2,6,48
95GG08S2,1730,319,101,218,1240,62,549,80,132,172,165,6,158,54,42,55,7,465,175,177,113,171,20,56,15,19,61
95GG08S3,1786,258,71,187,1313,82,636,96,160,275,105,2,192,104,40,45,3,401,146,185,70,215,43,63,2,6,101
95GG09S1,2089,225,111,114,1751,208,1314,218,206,659,231,2,93,40,25,25,3,134,35,43,56,113,16,33,2,12,50
95GG09S2,1856,233,103,130,1452,170,936,190,201,317,228,0,108,50,18,37,3,238,73,59,106,171,39,28,0,10,94
95GG09S3,2110,344,107,237,1510,80,742,172,169,242,159,4,227,94,44,63,26,457,125,234,98,256,70,75,2,0,109
95GG10S1,1826,453,108,345,1037,72,426,118,105,108,95,2,202,120,43,33,6,335,108,126,101,336,32,52,37,4,211
95GG10S2,2171,430,119,311,1236,60,460,112,128,97,123,2,245,102,60,68,15,469,140,218,111,505,34,44,81,8,338
95GG11S1,1895,462,138,324,1156,52,451,142,85,140,84,2,263,118,55,71,19,388,163,141,84,277,69,33,0,16,159
95GG11S2,1636,233,72,161,1258,82,871,168,126,445,132,4,150,78,25,44,3,151,47,42,62,145,25,29,5,10,76
95GG11S3,1858,467,105,362,1112,86,521,164,142,119,96,2,196,128,51,17,0,307,131,91,85,279,41,44,0,8,186
95GG12S1,1488,160,13,147,351,6,190,50,25,91,24,0,123,90,3,30,0,32,10,10,12,977,18,24,565,0,370
95GG12S2,1958,232,39,193,300,16,99,20,18,47,14,2,83,42,10,28,3,100,28,29,43,1426,19,47,953,2,405
95GG12S3,1477,209,20,189,349,8,170,38,40,55,37,2,94,52,9,33,0,75,10,20,45,919,21,32,561,0,305
95GG12S4,1626,308,17,291,338,0,149,32,31,67,19,2,150,128,12,10,0,37,17,3,17,980,13,26,479,0,462
95GG12S5,2177,231,53,178,1303,26,428,56,89,212,71,0,204,78,26,88,12,645,161,340,144,643,85,106,88,8,356
95GG13S1,1329,317,118,199,884,52,469,86,98,176,109,0,74,22,15,25,12,289,92,122,75,128,43,24,0,4,57
95GG13S2,1731,180,92,88,1462,108,1006,116,166,515,209,0,119,52,27,28,12,229,52,90,87,89,22,18,0,8,41
95GG13S3,1637,322,129,193,1187,102,672,144,103,239,186,4,101,40,19,35,7,308,91,100,117,128,33,15,0,16,64
95GG14S1,1617,155,89,66,1331,122,956,170,134,448,204,0,64,26,15,23,0,189,33,86,70,131,37,20,0,6,68
95GG14S2,1597,137,55,82,1331,128,1007,128,177,490,212,0,43,12,10,15,6,153,27,68,58,129,36,34,0,13,46
95GG14S3,1606,148,83,65,1356,108,977,136,227,377,237,0,98,38,16,38,6,173,36,68,69,102,34,21,0,11,36
95GG15S1,1805,194,113,81,1523,202,1168,216,201,561,190,2,66,36,12,12,6,85,11,28,46,88,18,15,0,7,48
95GG15S2,2004,304,148,156,1594,136,1123,214,246,490,173,0,160,86,44,30,0,175,57,65,53,106,14,6,0,2,84
95GG15S3,1881,391,194,197,1344,164,819,166,163,350,140,2,135,70,15,36,14,224,78,60,86,146,18,41,0,13,74
95GG16S1,1960,341,82,259,1340,46,665,104,162,245,154,6,175,72,51,40,12,448,151,193,104,279,60,82,10,2,125
95GG16S2,1920,267,95,172,1352,52,746,92,132,309,213,2,130,38,51,26,15,422,130,170,122,301,64,86,7,7,137
95GG16S3,1486,168,71,97,1161,78,724,90,128,324,182,5,83,34,19,19,11,271,61,128,82,157,50,30,0,8,69
95GG17S1,2031,198,59,139,1588,64,722,90,157,318,157,0,101,28,27,42,4,701,211,371,119,245,66,86,0,4,89
95GG17S2,1595,170,88,82,1249,102,810,114,165,291,240,0,75,28,6,33,8,262,53,96,113,176,37,56,0,13,70
95GG17S3,1704,268,108,160,1285,62,600,96,106,277,121,2,118,26,41,45,6,503,123,270,110,151,38,38,0,9,66
95GG18S1,2553,361,145,216,1752,72,557,80,77,255,145,0,191,36,31,121,3,932,321,392,219,440,103,145,0,12,180
95GG18S2,2422,385,76,309,1538,44,484,64,137,143,140,4,168,68,57,34,9,838,248,349,241,499,77,116,2,14,290
95GG19S1,1961,525,272,253,1259,138,457,128,76,103,150,0,104,24,24,50,6,560,189,221,150,177,29,30,0,12,106
95GG19S2,2563,479,152,327,1835,88,638,130,111,243,154,2,197,52,59,76,10,910,244,503,163,249,83,73,0,0,93
95GG20S1,2698,616,172,444,1507,86,554,158,129,153,114,0,269,144,60,52,13,598,223,249,126,575,73,84,19,19,380
95GG20S2,2094,392,152,240,1360,72,562,128,102,212,120,4,155,42,52,58,3,567,194,270,103,342,77,124,0,19,122
95GG21S1,1482,235,92,143,1002,30,358,40,46,91,181,0,57,16,9,23,9,557,156,219,182,245,55,96,2,2,90
95GG21S2,1699,187,56,131,1133,18,308,52,55,79,122,0,89,22,9,42,16,718,219,318,181,379,92,136,20,5,126
95GG21S3,1898,432,120,312,1100,40,344,70,83,97,94,0,127,76,15,30,6,589,190,218,181,366,59,85,10,22,190
95GG22S1,1687,275,130,145,1190,88,677,88,118,281,190,0,81,20,31,30,0,344,127,94,123,222,46,60,2,22,92
95GG22S2,1894,317,179,138,1320,104,856,112,175,289,280,2,68,18,12,38,0,290,96,95,99,257,83,75,0,21,78
95GG22S3,1709,191,79,112,1262,74,720,84,146,256,234,0,73,24,6,34,9,395,98,167,130,256,52,90,6,23,85
95GG23S1,1418,115,55,60,1208,156,866,196,143,339,188,0,49,26,6,13,4,137,33,53,51,95,26,15,0,4,50
95GG23S2,1496,178,101,77,1262,104,951,104,164,398,285,0,84,16,25,29,14,123,40,57,26,56,16,14,2,6,18
95GG23S3,1585,197,87,110,1240,146,824,160,149,289,226,4,99,38,21,37,3,167,46,42,79,148,38,19,0,8,83
95GG24S1,1286,260,139,121,921,94,579,104,129,201,145,0,86,40,20,26,0,162,41,50,71,105,17,29,4,14,41
95GG24S2,1540,259,88,171,1144,128,609,136,124,176,173,0,154,64,28,46,16,253,104,91,58,137,43,28,6,14,46
95GG24S3,1538,195,79,116,1201,72,844,110,121,435,178,4,98,44,16,26,12,183,45,82,56,142,43,19,0,2,78
95GG25S1,2112,280,141,139,1550,96,844,96,173,333,242,0,83,40,15,22,6,527,143,214,170,282,65,70,0,20,127
95GG25S2,1839,224,91,133,1328,60,782,64,176,349,193,2,53,22,18,10,3,431,139,117,175,287,76,101,0,7,103
95GG25S3,1576,164,58,106,1168,47,534,54,139,214,127,0,74,16,20,35,3,513,127,213,173,244,56,92,0,15,81
95GG26S1,1948,273,83,190,1436,128,596,104,109,198,185,0,111,42,18,51,0,601,159,292,150,239,60,83,0,13,83
95GG26S2,1727,290,128,162,1294,121,550,122,106,143,179,2,115,36,28,37,14,506,152,210,144,143,44,47,0,6,46
95GG27S1,1500,85,20,65,1166,28,695,52,122,400,121,0,58,20,9,23,6,385,96,190,99,249,58,112,0,2,77
95GG27S2,1614,169,39,130,1167,36,522,54,131,231,106,0,83,16,22,42,3,526,131,276,119,278,41,139,0,11,87
95GG27S3,1705,241,47,194,1174,84,604,76,95,191,242,0,52,16,21,12,3,434,149,140,145,290,77,87,0,2,124
95GG27S4,1587,191,66,125,1148,68,464,70,98,146,150,2,81,24,17,33,7,533,143,223,167,248,58,121,6,11,52
95GG28S1,2149,203,69,134,1784,116,1197,184,301,502,210,4,129,54,36,33,6,338,99,162,77,162,46,44,4,10,58
95GG28S2,1717,195,105,90,1376,116,822,152,164,285,221,0,115,38,30,40,7,323,95,144,84,146,38,19,3,10,76
95GG28S3,1769,238,58,180,1319,76,469,108,83,129,149,0,157,40,39,63,15,617,187,287,143,212,44,90,11,15,52
95GG29S1,2257,438,137,301,1559,76,645,140,168,239,98,2,220,118,46,47,9,616,187,299,130,260,33,58,5,11,153
95GG29S2,2747,563,161,402,1802,94,871,210,249,302,110,5,300,186,66,33,15,532,173,247,112,382,73,65,0,4,240
95GG30S1,1604,291,126,165,1200,138,674,166,145,274,89,0,115,38,19,48,10,273,86,76,111,113,23,20,4,11,55
95GG30S2,1685,201,93,108,1368,174,989,172,177,498,142,0,91,46,9,29,7,114,36,44,34,116,29,31,2,6,48
95GG30S3,1538,140,75,65,1296,180,873,176,132,314,251,0,86,34,18,25,9,157,42,66,49,102,21,42,0,3,36
95GG31S1,2227,152,51,101,1824,140,1188,142,219,518,309,0,108,30,24,42,12,388,111,177,100,251,92,79,6,0,74
95GG31S2,2032,196,93,103,1638,172,852,118,133,323,278,0,140,38,41,53,8,474,170,158,146,198,60,66,0,7,65
95GG31S3,2260,219,60,159,1725,118,672,100,114,240,218,0,89,36,10,36,7,846,265,443,138,316,118,103,0,9,86
95GG32S1,3232,346,106,240,2428,92,1173,200,202,584,187,2,242,98,34,100,10,919,253,534,132,458,130,179,0,2,147
95GG32S2,1553,262,110,152,1173,102,641,90,156,214,181,3,144,44,48,43,9,283,91,119,73,118,24,19,3,14,58
95GG32S3,1606,230,117,113,1216,98,799,144,170,261,224,0,59,20,16,20,3,260,77,100,83,160,29,38,0,13,80
95GG33S1,1945,167,72,95,1637,156,1280,202,148,615,315,2,76,54,9,13,0,123,14,50,59,141,27,11,2,6,95
95GG33S2,1595,172,79,93,1313,100,1057,170,190,512,185,0,32,24,3,5,0,124,27,29,68,110,16,5,8,12,69
95GG33S3,1912,302,108,194,1362,96,971,162,135,529,145,0,148,100,7,34,7,147,44,57,46,248,6,24,11,6,201
95GG34S1,1441,252,125,127,1027,76,567,84,142,247,94,0,126,54,30,38,4,258,57,115,86,162,37,48,0,5,72
95GG34S2,1590,90,41,49,1383,112,1060,126,210,373,351,0,45,2,19,24,0,166,28,54,84,117,45,20,0,4,48
95GG34S3,1835,253,87,166,1392,82,967,192,198,378,199,4,142,70,44,25,3,197,61,72,64,190,19,22,0,11,138
95GG35S1,1889,331,113,218,1122,58,347,66,93,58,130,0,79,32,3,38,6,638,191,264,183,436,91,121,5,30,189
95GG35S2,1478,337,84,253,914,26,275,42,41,71,121,0,81,26,23,28,4,532,159,180,193,227,63,63,2,16,83
95GG35S3,1502,229,50,179,1026,38,328,42,81,117,88,2,71,24,25,19,3,587,170,269,148,247,81,75,0,10,81
95GG36S1,1794,307,124,183,1253,94,808,176,165,327,140,2,176,96,42,31,7,173,63,51,59,234,45,60,0,6,123
95GG36S2,1926,267,139,128,1542,132,1103,208,238,449,208,4,121,54,34,24,9,182,36,59,87,117,18,27,0,11,61
95GG36S3,1899,266,127,139,1510,134,1040,160,185,413,282,6,133,60,56,8,9,197,74,71,52,123,28,23,0,9,63
95GG37S1,1972,192,46,146,1553,108,1181,218,217,565,181,4,100,76,12,12,0,160,31,62,67,227,31,14,0,4,178
95GG37S2,1786,295,90,205,1219,72,754,164,172,241,177,2,203,102,42,59,0,188,66,68,54,272,43,10,3,0,216
95GG37S3,2133,444,111,333,1220,72,628,178,118,267,65,0,333,242,52,33,6,187,51,64,72,469,29,27,9,5,399
95GG38S1,3044,482,144,338,1891,136,1298,274,280,570,174,0,188,130,34,24,0,269,81,105,83,671,41,42,23,18,547
95GG38S2,1752,366,122,244,1100,76,660,102,132,279,147,0,155,114,24,14,3,209,79,56,74,286,40,22,2,19,203
95GG38S3,1583,251,115,136,1166,76,823,134,129,424,136,0,125,60,36,29,0,142,46,38,58,166,42,12,0,15,97
95GG39S1,2401,508,103,405,1276,22,565,134,179,142,110,2,197,134,37,26,0,490,142,227,121,617,87,94,16,25,395
95GG39S2,2709,663,195,468,1358,62,505,134,93,190,88,0,260,176,26,38,20,531,149,226,156,688,87,63,82,25,431
95GG39S3,2062,496,154,342,1017,54,384,76,75,134,99,0,137,82,6,40,9,442,135,183,124,549,56,69,150,26,248
95GG40S1,1697,317,125,192,1201,68,432,76,93,167,96,0,119,36,36,41,6,582,208,268,106,179,64,37,0,15,63
95GG40S2,2008,539,179,360,1215,76,402,110,66,112,114,2,150,44,33,50,23,585,191,271,123,254,50,84,0,21,99
95GG41S1,1891,193,119,74,1636,240,1237,270,224,491,252,2,66,32,16,12,6,91,21,32,38,62,0,12,0,8,42
95GG41S2,1524,155,105,50,1280,180,970,152,165,425,228,6,42,12,15,15,0,82,20,32,30,89,17,19,7,0,46
95GG41S3,1857,257,99,158,1459,126,1024,178,171,517,158,3,135,60,24,51,0,171,32,60,79,141,15,32,4,8,82
95GG42S1,1826,163,83,80,1472,166,1103,160,165,569,209,4,76,44,12,14,6,123,28,41,54,191,34,38,0,9,110
95GG42S2,516,72,37,35,321,40,243,44,36,116,47,2,26,4,9,13,0,10,2,0,8,123,16,11,55,0,41
95GG42S3,2003,197,41,156,755,62,522,100,106,260,56,0,104,68,6,30,0,67,16,16,35,1051,3,5,631,9,403
95GG42S4,2247,309,96,213,1479,134,983,184,179,484,136,0,195,132,30,30,3,167,27,88,52,459,35,35,32,16,341
95GG43S1,1424,312,107,205,973,82,475,158,89,139,89,2,146,58,37,35,16,268,89,96,83,139,33,22,4,4,76
95GG43S2,1635,224,72,152,1302,110,820,190,144,304,182,2,136,86,30,17,3,234,57,84,93,109,33,8,6,2,60
95GG43S3,1724,353,126,227,1217,76,616,148,131,216,121,2,194,132,36,12,14,329,126,108,95,154,37,29,0,2,86
95GG44S1,2864,584,118,466,1732,70,590,130,118,193,149,0,378,190,74,94,20,694,248,294,152,548,119,106,7,7,309
95GG44S2,2727,567,142,425,1730,104,595,164,131,231,69,6,360,128,82,138,12,665,216,276,173,430,56,80,30,18,246
95GG45S1,1646,176,93,83,1338,278,839,168,166,330,175,0,72,36,12,20,4,149,44,64,41,132,43,17,2,9,61
95GG45S2,1554,244,103,141,1101,50,493,108,97,141,147,0,116,24,39,42,11,442,110,227,105,209,40,63,11,7,88
95GG45S3,1617,292,110,182,1176,136,660,98,152,294,116,0,132,66,21,42,3,248,65,96,87,149,37,15,6,12,79
95GG46S1,1712,176,49,127,1212,54,497,44,105,167,181,0,93,14,16,54,9,568,142,243,183,324,82,123,0,4,115
95GG46S2,1828,127,45,82,1373,58,523,58,112,167,186,0,87,8,35,37,7,705,175,357,173,328,119,98,0,7,104
95GG46S3,1664,182,61,121,1118,54,427,44,94,144,145,0,75,8,6,53,8,562,114,225,223,364,89,140,7,6,122
95GG47S1,2270,466,86,380,1377,34,510,74,90,226,120,0,160,74,25,49,12,673,186,341,146,427,105,99,12,6,205
95GG47S2,1696,349,120,229,1048,52,417,76,62,167,112,0,78,18,37,23,0,501,170,211,120,299,67,97,0,12,123
95GG47S3,1798,344,110,234,1082,36,463,78,97,178,110,0,143,50,38,52,3,440,122,205,113,372,77,97,2,10,186
95GG48S1,1612,158,52,106,1142,32,435,46,80,182,127,0,94,24,24,40,6,581,160,248,173,312,69,106,0,6,131
95GG48S2,2321,187,36,151,1772,16,422,42,85,164,131,0,123,18,24,73,8,1211,273,725,213,362,94,146,0,2,120
95GG48S3,1668,133,26,107,1126,20,410,44,68,155,143,0,72,18,21,21,12,624,155,285,184,409,76,231,0,7,95
95GG49S1,1617,302,86,216,844,54,522,80,89,291,62,0,157,122,18,11,6,111,35,29,47,471,34,0,46,8,383
95GG49S2,2214,299,75,224,682,44,360,86,81,151,42,5,191,160,15,11,5,82,38,18,26,1233,14,19,549,8,643
95GG49S3,2139,259,51,208,571,12,255,54,69,123,9,0,177,120,33,21,3,127,43,38,46,1309,31,24,602,4,648
95GG49S4,2066,274,66,208,516,32,247,72,30,97,48,6,120,72,12,36,0,111,26,31,54,1276,29,44,635,8,560
95GG50S1,1499,325,71,254,889,30,415,122,95,109,89,2,159,92,37,27,3,283,94,94,95,285,39,34,0,8,204
95GG50S2,2061,384,122,262,1305,46,455,100,122,153,80,0,295,106,74,109,6,509,207,195,107,372,62,64,2,39,205
95GG50S3,1885,381,123,258,1202,70,493,90,75,195,133,4,225,124,48,43,10,410,157,163,90,302,25,44,6,4,223
95GG51S1,1353,291,98,193,948,96,366,112,64,91,99,0,107,42,21,44,0,379,137,174,68,114,31,33,0,6,44
95GG51S2,1399,324,128,196,902,91,374,76,80,127,91,2,107,30,39,35,3,328,120,120,88,173,50,47,0,11,65
95GG51S3,1321,328,117,211,852,69,307,78,83,81,65,2,133,40,45,36,12,341,144,138,59,141,20,26,0,15,80
95HH01W1,1981,292,129,163,1592,186,972,194,231,354,193,0,175,90,33,42,10,259,74,109,76,97,25,21,0,4,47
95HH02S1,1358,110,57,53,1165,118,836,144,189,324,179,0,80,28,26,18,8,131,58,51,22,83,8,29,0,5,41
95HH02S2,1604,62,14,48,1482,44,1238,174,277,597,190,0,62,28,9,22,3,138,44,64,30,60,27,9,0,0,24
95HH03W1,1663,207,123,84,1354,214,942,252,132,301,257,0,46,24,9,13,0,152,37,75,40,102,20,31,0,3,48
95HH04S1,1709,124,48,76,1490,104,1113,196,214,439,264,4,81,30,24,21,6,188,50,85,53,95,30,10,0,3,52
95HH04S2,1358,90,54,36,1207,106,920,194,249,253,224,0,66,10,15,31,10,115,40,45,30,61,14,11,0,2,34
95HH05W1,2171,254,88,166,1789,98,893,152,179,391,171,0,186,64,53,51,18,612,223,265,124,128,17,30,0,0,81
95HH06S1,2231,133,38,95,2002,56,1642,218,335,810,279,0,103,36,25,39,3,201,47,110,44,96,26,22,0,3,45
95HH06S2,2557,169,59,110,2210,132,1555,244,338,757,216,0,177,52,49,62,14,346,93,166,87,178,47,67,2,4,58
95HH07W1,1493,313,104,209,1061,84,535,110,104,169,152,0,107,48,15,38,6,335,113,119,103,119,31,28,0,6,54
95HH08W1,2553,310,103,207,2049,218,1389,256,288,543,302,4,186,90,42,38,16,252,90,85,77,194,37,32,18,15,92
95HH09W1,2543,731,292,439,1582,164,801,272,173,217,139,6,247,126,59,56,6,364,180,77,107,230,49,22,0,7,152
95HH10W1,2488,188,80,108,2180,202,1581,262,297,749,273,2,121,42,42,22,15,274,91,107,76,120,31,43,0,4,42
95HH11W1,1366,252,113,139,989,82,467,120,90,137,120,0,100,36,21,37,6,340,133,123,84,125,32,37,0,2,54
95HH12W1,1552,130,58,72,1285,126,806,216,121,245,224,2,68,26,24,12,6,283,91,121,71,137,27,52,0,2,56
95HH13W1,1407,188,48,140,1121,62,482,108,87,187,100,0,138,48,42,37,11,439,164,201,74,98,27,18,0,0,53
95HH14W1,1530,319,138,181,1086,134,487,120,80,128,159,0,121,52,24,36,9,344,121,119,104,125,27,44,0,4,50
95HH15W1,2585,334,180,154,2080,130,1346,254,277,508,307,2,187,62,56,52,17,415,135,141,139,171,30,63,0,7,71
95HH16W1,2159,286,146,140,1688,194,1129,214,239,448,228,4,113,56,30,27,0,248,74,99,75,185,52,67,0,4,62
95HH17W1,2477,182,78,104,2125,120,1604,300,361,668,275,0,123,56,35,25,7,278,107,114,57,170,54,48,0,6,62
95II01S1,1532,144,65,79,1297,136,912,182,218,357,155,0,90,56,10,12,12,159,50,38,71,91,28,16,0,4,43
95II01S2,1534,163,80,83,1261,182,960,216,148,348,248,0,24,20,0,4,0,95,22,22,51,110,37,21,0,5,47
95II02S1,1485,110,25,85,1313,48,1132,122,207,662,141,0,66,26,26,8,6,67,11,20,36,62,5,26,0,0,31
95II02S2,1700,191,63,128,1389,84,959,146,158,517,138,2,122,62,38,19,3,222,79,83,60,120,19,39,0,9,53
95II02S3,1415,340,138,202,994,86,615,134,103,266,112,0,116,54,30,20,12,177,56,28,93,81,10,8,0,9,54
95II03S1,1739,98,31,67,1547,32,1319,140,273,712,194,0,65,34,24,4,3,131,44,66,21,94,16,36,0,0,42
95II03S2,1784,187,50,137,1508,164,1063,186,224,412,241,2,136,56,42,32,6,143,42,51,50,89,10,21,0,5,53
95II04S1,2293,171,53,118,1985,100,1526,294,328,640,264,8,145,76,21,38,10,206,58,101,47,137,34,61,0,2,40
95II04S2,1952,230,67,163,1614,120,910,156,202,419,133,0,169,72,45,45,7,415,103,164,148,108,42,14,0,2,50
95II05S1,1586,90,45,45,1400,128,1086,100,248,500,238,2,53,20,9,21,3,131,42,22,67,96,20,46,0,8,22
95II05S2,1826,265,154,111,1444,92,1008,158,158,490,202,0,85,38,17,30,0,259,84,71,104,117,18,32,2,7,58
95II06S1,1519,107,45,62,1306,78,1061,146,198,531,186,0,73,24,24,14,11,94,22,35,37,106,44,41,0,2,19
95II06S2,1879,177,71,106,1589,110,1068,196,219,494,159,0,193,98,54,35,6,218,59,71,88,113,7,35,0,2,69
95II07W1,2077,436,202,234,1454,92,765,162,103,333,167,0,187,60,35,86,6,410,134,158,118,187,57,40,0,4,86
95II08W1,2417,393,179,214,1843,168,1212,194,227,527,264,0,177,86,38,41,12,286,74,84,128,181,32,28,10,13,98
95II09S1,1934,305,141,164,1509,130,1061,214,236,428,183,0,129,62,37,24,6,189,47,47,95,120,30,23,0,21,46
95II09S2,1413,130,68,62,1182,96,850,156,183,382,129,0,97,32,35,30,0,139,37,50,52,101,26,45,0,4,26
95II10W1,2592,395,169,226,1991,172,1104,182,258,386,278,3,186,56,53,55,22,526,166,184,176,206,46,57,5,20,78
95II11W1,2555,259,118,141,2130,244,1471,278,220,662,311,2,164,88,65,8,3,249,69,86,94,166,36,14,0,13,103
95II12W1,2481,267,153,114,2077,258,1508,240,249,717,302,2,109,54,18,34,3,200,27,91,82,137,25,44,0,21,47
95II13W1,2701,445,204,241,2078,212,1209,274,239,469,227,2,229,96,64,56,13,426,168,137,121,178,29,48,0,8,93
95II14W1,2521,251,135,116,2145,308,1506,246,303,625,332,3,136,68,15,43,10,192,43,55,94,125,20,24,0,16,65
95II15S1,1793,138,43,95,1506,60,1167,170,280,608,109,0,153,74,36,23,20,126,22,54,50,149,20,43,3,2,81
95II15S2,1564,178,111,67,1273,222,874,196,161,359,158,2,93,44,25,21,3,82,24,28,30,113,29,33,0,10,41
95II16W1,2126,257,151,106,1709,204,1052,200,232,340,280,0,146,38,24,54,30,307,79,137,91,160,37,57,0,2,64
95II17W1,2493,450,197,253,1877,245,1109,220,267,402,220,0,150,66,21,57,6,373,114,122,137,166,26,38,0,8,94
95II18W1,2226,453,206,247,1616,182,833,194,160,276,203,0,182,80,50,52,0,419,128,147,144,157,40,47,4,11,55
95II19S1,1826,106,63,43,1618,134,1341,190,195,689,267,0,43,16,12,9,6,100,27,26,47,102,26,37,0,4,35
95II19S2,1939,163,75,88,1683,174,1235,216,252,445,322,0,79,22,28,26,3,195,33,66,96,93,34,23,0,0,36
95II20W1,2743,392,156,236,2107,216,1313,246,288,545,234,0,274,154,48,59,13,304,86,119,99,244,39,68,3,6,128
95II21W1,2419,331,111,220,1910,130,924,200,231,280,213,0,229,58,46,107,18,627,170,284,173,178,55,48,0,7,68
95II22W1,2248,315,152,163,1772,208,1170,230,251,436,253,0,114,72,29,13,0,280,74,110,96,161,31,48,0,10,72
95II23W1,2190,273,137,136,1724,170,1156,180,209,508,259,6,112,52,29,21,10,280,97,64,119,193,32,32,9,16,104
95JJ01W1,2495,167,77,90,2043,148,1622,254,283,702,383,3,80,44,9,14,13,190,50,36,104,285,61,102,0,12,110
95JJ02W1,2367,369,139,230,1799,204,1056,278,168,370,240,0,181,68,31,71,11,358,108,140,110,199,39,43,17,13,87
95JJ03S1,1406,181,32,149,1112,22,533,110,48,236,139,3,142,32,43,64,3,412,161,185,66,113,32,22,3,10,46
95JJ03S2,1064,118,30,88,864,22,499,94,78,247,80,0,102,18,27,43,14,241,68,128,45,82,15,23,7,6,31
95JJ04S1,1546,145,70,75,1267,106,869,166,139,368,196,0,105,28,21,53,3,187,60,69,58,134,27,15,6,6,80
95JJ04S2,1565,195,81,114,1243,156,799,174,170,268,187,0,85,32,23,21,9,203,54,105,44,127,46,33,0,2,46
95JJ05W1,1775,397,199,198,1107,112,554,140,110,174,130,0,151,72,45,21,13,290,101,81,108,271,36,74,6,10,145
95JJ06W1,2432,386,120,266,1771,66,1032,150,202,489,191,0,196,66,33,91,6,477,180,171,126,275,52,95,0,14,114
95JJ07W1,2596,316,117,199,2072,82,944,190,175,378,201,0,246,70,64,92,20,800,254,358,188,208,58,60,0,4,86
95JJ08S1,1377,135,73,62,1122,109,852,140,147,306,259,0,45,8,12,22,3,116,24,46,46,120,33,23,0,10,54
95JJ08S2,1720,150,51,99,1249,86,875,138,169,443,125,2,96,36,25,35,0,190,41,109,40,321,18,41,201,4,57
95JJ09W1,1986,240,138,102,1576,201,1124,272,158,424,270,0,92,48,19,18,7,159,27,46,86,170,56,29,0,16,69
95JJ10W1,2795,284,153,131,2270,138,1651,186,223,876,366,0,171,44,58,58,11,310,95,111,104,241,62,74,0,23,82
95JJ11S1,1821,176,80,96,1504,174,942,194,150,436,162,0,116,38,30,44,4,272,76,139,57,141,36,44,0,6,55
95JJ11S2,1943,242,93,149,1532,160,969,208,136,494,131,2,151,52,45,47,7,250,61,108,81,169,35,61,4,7,62
95JJ12W1,2709,237,106,131,2218,156,1583,210,252,784,337,0,143,64,27,43,9,336,111,130,95,254,46,78,2,8,120
95JJ13S1,2144,159,33,126,1795,74,1262,176,212,654,220,0,188,62,39,78,9,271,82,137,52,190,86,28,2,0,74
95JJ13S2,1751,138,59,79,1506,126,1124,220,218,433,253,0,71,20,24,18,9,185,40,79,66,107,35,26,0,0,46
95JJ14W1,2325,171,82,89,1933,148,1440,258,154,653,375,0,111,26,44,35,6,234,60,87,87,221,61,74,0,4,82
95JJ15W1,1762,227,102,125,1321,210,771,210,117,269,175,0,110,52,26,29,3,230,56,87,87,214,38,69,0,4,103
95JJ16W1,1755,436,197,239,1111,118,628,174,118,206,130,2,120,62,30,25,3,243,75,75,93,208,32,13,39,20,104
95JJ17W1,2443,161,88,73,1961,108,1624,212,199,863,350,0,42,22,9,8,3,187,26,55,106,321,80,137,0,17,87
95JJ18W1,1937,464,182,282,1251,152,742,166,100,306,170,2,148,76,34,34,4,207,78,67,62,222,42,52,6,2,120
95JJ19S1,1645,169,84,85,1124,178,735,160,109,296,170,3,84,40,27,17,0,124,23,49,52,352,30,27,230,2,63
95JJ19S2,1251,131,73,58,605,94,398,78,69,172,79,0,45,20,10,12,3,68,24,21,23,515,23,18,388,0,86
95JJ20S1,2173,189,50,139,1858,120,1301,222,229,660,190,0,165,74,42,38,11,272,81,117,74,126,19,33,0,4,70
95JJ20S2,1919,199,91,108,1637,146,1102,208,230,410,254,0,123,50,27,30,16,266,82,81,103,83,25,32,0,4,22
95JJ21W1,2292,289,126,163,1619,108,944,216,192,320,216,3,185,52,25,98,10,379,108,142,129,384,33,50,87,17,197
95JJ22W1,2767,244,132,112,2315,236,1689,380,259,764,286,0,144,50,30,54,10,246,77,84,85,208,68,58,2,16,64
95KK01W1,2578,172,72,100,2178,82,1736,164,270,891,411,0,78,20,18,32,8,282,68,110,104,228,69,68,0,13,78
95KK02W1,2000,164,85,79,1659,90,1275,168,242,575,290,0,86,44,19,19,4,208,38,88,82,177,38,51,0,20,68
95KK03W1,2344,130,67,63,1987,50,1690,116,228,969,377,0,76,30,12,26,8,171,40,40,91,227,54,68,0,11,94
95KK04W1,2787,188,61,127,2317,76,1500,176,283,739,302,2,214,46,74,85,9,525,143,241,141,282,85,61,0,4,132
95KK05W1,2587,153,77,76,2176,60,1739,122,310,846,461,0,61,16,9,22,14,316,72,124,120,258,67,101,0,2,88
95KK06W1,1885,199,74,125,1527,120,974,156,189,350,279,0,160,40,44,62,14,273,85,88,100,159,63,50,0,0,46
95KK07W1,2045,139,68,71,1745,100,1440,160,180,696,404,0,52,12,6,31,3,153,20,40,93,161,30,55,0,10,66
95KK08W1,2612,215,77,138,2182,148,1532,250,219,809,254,0,167,64,68,32,3,335,99,127,109,215,51,87,0,2,75
95KK09W1,2154,330,146,184,1518,126,891,166,144,353,228,0,156,78,34,44,0,345,122,120,103,306,63,102,0,2,139
95KK10W1,2181,147,83,64,1859,96,1522,134,261,822,305,0,66,20,0,43,3,175,36,68,71,175,53,57,0,0,65
95KK11W1,2373,303,127,176,1861,104,1172,204,248,468,252,0,173,36,51,75,11,412,131,167,114,209,44,53,5,6,101
95KK12W1,2309,189,72,117,1892,62,1482,128,303,738,313,0,87,30,7,44,6,261,51,105,105,228,51,77,0,27,73
95KK13W1,1769,143,66,77,1448,134,1064,136,195,455,278,0,77,16,18,40,3,173,43,54,76,178,51,50,0,13,64
95KK14W1,2041,161,69,92,1734,94,1257,134,187,559,377,0,78,20,13,37,8,305,86,110,109,146,39,48,0,6,53
95KK15W1,2918,166,64,102,2437,80,2005,176,341,1069,419,0,78,28,12,38,0,274,67,79,128,315,72,161,0,10,72
95KK16W1,2128,224,104,120,1636,102,1121,116,189,478,338,0,95,40,12,32,11,318,88,101,129,268,43,57,6,12,150
95LL01S1,2488,141,56,85,2153,104,1749,148,314,904,383,0,103,32,21,42,8,197,40,66,91,194,45,79,0,12,58
95LL01S2,2443,112,49,63,2194,92,1678,134,273,896,375,0,184,54,31,84,15,240,63,89,88,137,47,37,0,12,41
95LL02S1,1612,152,58,94,1307,78,937,144,157,462,174,4,108,54,30,24,0,180,67,55,58,153,23,51,0,2,77
95LL02S2,1411,364,122,242,813,50,371,90,132,88,61,2,162,62,69,25,6,228,101,61,66,234,30,50,0,5,149
95LL03W1,2436,403,167,236,1845,134,1007,182,204,462,159,0,220,88,48,78,6,484,178,199,107,188,57,32,0,4,95
95LL04W1,2938,243,121,122,2359,116,1456,192,273,645,346,0,229,76,70,77,6,558,156,197,205,336,124,96,0,16,100
95LL05S1,2345,161,67,94,2052,106,1712,242,289,858,323,2,67,30,27,10,0,165,36,86,43,132,38,51,0,6,37
95LL05S2,1736,136,51,85,1455,90,1090,184,194,471,241,0,78,20,18,26,14,197,50,83,64,145,34,68,0,0,43
95LL06S1,1654,159,60,99,1365,106,849,164,143,370,172,0,134,46,40,36,12,276,76,147,53,130,19,64,0,5,42
95LL06S2,1674,242,113,129,1303,136,796,178,179,208,231,0,118,34,33,48,3,253,108,75,70,129,35,22,5,13,54
95LL07W1,2131,400,184,216,1473,168,623,94,129,258,142,0,194,44,60,75,15,488,177,169,142,258,37,51,0,21,149
95LL08S1,1649,168,61,107,1216,22,667,38,166,336,127,0,138,36,41,58,3,389,115,182,92,265,81,81,0,8,95
95LL08S2,1651,262,63,199,1139,42,469,70,80,170,149,0,194,76,57,50,11,434,142,161,131,250,51,78,0,5,116
95LL09S1,1448,273,105,168,993,30,509,70,88,204,147,0,87,16,21,47,3,367,145,120,102,182,56,30,0,15,81
95LL09S2,1565,332,148,184,1060,86,584,80,118,217,169,0,92,30,27,29,6,298,92,129,77,173,30,56,0,17,70
95LL10S1,3074,138,51,87,2684,100,2101,170,367,1089,475,0,141,60,30,42,9,342,84,167,91,252,68,82,0,16,86
95LL10S2,2401,126,50,76,2010,92,1606,156,259,802,389,0,86,30,9,44,3,226,45,92,89,265,69,87,0,21,88
95LL11S1,1538,125,50,75,1334,88,976,166,154,416,240,0,101,38,26,34,3,169,57,41,71,79,18,36,0,6,19
95LL11S2,2428,128,40,88,2175,98,1750,286,339,859,266,0,127,40,41,43,3,200,52,107,41,125,51,36,0,10,28
95LL12S1,2929,204,47,157,2437,62,1371,164,287,725,195,0,308,88,66,138,16,696,249,305,142,288,58,84,0,8,138
95LL12S2,1283,98,28,70,1006,24,500,36,78,241,145,0,119,30,21,68,0,363,90,179,94,179,47,85,0,8,39
95LL13S1,1401,122,32,90,1119,50,678,120,124,319,115,8,141,34,35,60,12,242,98,94,50,160,39,44,0,10,67
95LL13S2,1344,187,52,135,1026,52,570,94,121,223,132,0,140,30,33,70,7,264,87,114,63,131,32,64,0,0,35
95LL14S1,1270,132,58,74,949,46,505,80,84,173,168,0,72,18,12,35,7,326,94,130,102,189,45,79,0,7,58
95LL14S2,1381,97,50,47,1141,92,725,92,149,243,241,0,62,8,9,27,18,262,62,121,79,143,64,44,0,0,35
95LL15S1,1446,288,151,137,1070,120,653,134,117,286,116,0,86,44,19,17,6,211,58,76,77,88,21,16,0,0,51
95LL15S2,1540,169,65,104,1246,118,837,192,146,325,174,0,108,56,25,21,6,183,54,59,70,125,19,27,0,0,79
95LL16S1,2789,236,102,134,2434,200,1747,302,376,800,269,0,186,56,62,59,9,301,90,117,94,119,45,17,0,0,57
95LL16S2,3256,257,56,201,2618,102,1784,306,426,814,238,0,369,142,115,105,7,363,102,153,108,381,110,103,0,5,163
95LL17W1,2529,338,169,169,1991,242,1228,272,227,439,290,0,165,52,55,42,16,356,98,127,131,200,82,47,0,4,67
95LL18S1,1954,189,100,89,1659,214,1057,190,170,452,245,0,117,46,35,30,6,271,78,113,80,106,22,37,0,8,39
95LL18S2,1377,101,46,55,1210,122,879,194,148,331,206,0,72,26,22,21,3,137,35,42,60,66,5,14,0,6,41
95LL19S1,2283,176,79,97,1973,134,1521,250,280,741,250,2,104,32,32,40,0,212,67,64,81,134,24,42,3,4,61
95LL19S2,2865,215,81,134,2480,154,1816,280,349,891,296,7,209,90,56,56,7,294,80,117,97,170,32,58,0,8,72
95LL20W1,2401,256,97,159,1914,124,1201,202,220,493,286,0,217,48,76,84,9,372,103,168,101,231,85,48,0,7,91
95LL21W1,3983,550,264,286,3011,210,1891,290,369,947,285,4,291,116,85,84,6,615,193,242,180,422,68,114,0,33,207
95LL22W1,3728,373,100,273,3013,124,1770,228,294,826,422,0,365,126,110,109,20,754,224,381,149,342,83,115,0,14,130
95LL23W1,2157,355,159,196,1604,138,884,152,165,318,249,2,211,46,54,102,9,369,137,110,122,198,49,62,0,4,83
95LL24S1,2027,127,51,76,1697,78,1344,182,264,619,279,0,117,46,30,35,6,158,43,65,50,203,52,48,0,9,94
95LL24S2,1716,124,50,74,1435,82,1036,118,151,514,253,0,84,32,15,29,8,233,54,95,84,157,44,17,0,18,78
95LL25S1,2583,244,95,149,2215,150,1562,264,271,753,274,0,254,98,55,94,7,249,74,88,87,124,26,41,0,2,55
95LL25S2,1953,141,53,88,1707,142,1315,234,260,579,242,2,105,38,39,22,6,143,50,58,35,105,37,17,0,0,51
95LL26S1,1517,348,66,282,992,68,516,106,97,177,136,0,170,66,59,23,22,238,116,50,72,177,24,27,0,4,122
95LL26S2,2179,136,56,80,1896,86,1431,140,256,682,353,2,93,30,18,38,7,284,70,131,83,147,49,55,0,2,41
95MM01S1,1427,188,58,130,1062,64,534,108,109,166,151,2,68,18,16,31,3,394,141,139,114,177,45,39,0,0,93
95MM01S2,1734,128,24,104,1415,68,860,142,176,423,119,10,161,72,33,56,0,316,98,179,39,191,46,67,0,0,78
95MM01S3,1614,160,42,118,1338,80,1020,194,188,400,238,0,58,34,12,6,6,180,75,53,52,116,27,26,5,0,58
95MM02S1,1507,160,89,71,1113,120,759,124,104,226,305,0,38,12,9,8,9,196,37,49,110,234,81,45,0,7,101
95MM02S2,1685,85,37,48,1354,58,1131,106,228,478,319,0,42,14,9,19,0,123,25,28,70,246,70,91,2,16,67
95MM03W1,3508,238,96,142,3012,116,2339,178,428,1181,552,0,197,52,36,105,4,360,68,133,159,258,47,104,0,12,95
95MM04W1,2151,302,126,176,1510,96,860,112,155,257,336,4,88,32,19,21,16,462,97,158,207,339,126,104,0,17,92
95MM05W1,2473,426,146,280,1652,56,709,90,178,261,180,0,79,28,13,35,3,808,194,413,201,395,90,140,5,6,154
95MM06S1,1376,122,43,79,980,42,548,48,99,213,188,0,38,2,25,4,7,352,97,145,110,274,98,134,0,6,36
95MM06S2,1176,124,37,87,867,36,385,48,70,132,135,0,61,14,13,34,0,385,148,149,88,185,61,69,0,0,55
95MM07W1,2578,460,194,266,1927,154,1030,208,197,374,251,0,119,48,24,40,7,624,216,251,157,191,48,25,0,30,88
95MM08S1,1291,223,81,142,910,62,470,44,122,151,153,0,53,16,12,25,0,325,134,131,60,158,55,55,0,4,44
95MM08S2,1651,206,115,91,1320,122,943,144,151,376,272,0,70,36,22,9,3,185,54,64,67,125,31,33,0,4,57
95MM09S1,1588,141,52,89,1287,52,887,122,142,462,161,0,50,26,13,11,0,298,85,127,86,160,24,69,0,8,59
95MM09S2,1974,126,47,79,1560,62,1239,114,166,685,274,0,68,8,18,29,13,191,35,87,69,288,76,84,0,9,119
95MM10S1,1456,107,32,75,1130,12,430,22,86,218,104,0,58,8,18,24,8,630,168,386,76,219,48,95,0,6,70
95MM10S2,1294,133,23,110,993,20,521,82,69,208,162,0,59,26,10,23,0,393,117,173,103,168,34,60,0,6,68
95MM11W1,2277,217,61,156,1579,74,632,54,131,197,250,0,68,18,13,33,4,805,234,365,206,481,108,234,3,5,131
95MM12S1,2022,99,28,71,1669,52,1031,90,182,505,254,0,67,24,18,22,3,519,156,258,105,254,53,124,0,19,58
95MM12S2,1298,142,14,128,954,16,329,42,59,142,86,0,53,8,6,36,3,556,140,301,115,202,63,86,0,4,49
95MM12S3,2538,140,22,118,2031,14,1146,70,245,625,206,0,122,22,44,50,6,749,214,425,110,367,114,163,3,0,87
95MM13S1,1205,59,24,35,1023,54,782,96,119,371,196,0,37,20,9,8,0,150,45,69,36,123,35,58,0,0,30
95MM13S2,1236,150,29,121,934,18,409,72,65,165,107,0,32,6,6,20,0,475,144,249,82,152,56,51,0,5,40
95MM13S3,1569,105,17,88,1277,28,595,50,95,300,150,0,81,24,16,37,4,573,149,306,118,187,44,74,0,4,65
95MM13S4,2553,153,60,93,2073,100,1237,112,260,769,96,0,136,16,27,88,5,600,231,317,52,327,77,153,0,14,83
95MM13S5,2309,100,26,74,2018,26,1598,110,287,991,210,0,92,28,31,23,10,302,95,169,38,191,49,113,0,0,29
95MM14S1,768,169,88,81,513,62,317,64,51,141,61,0,29,6,6,17,0,105,35,32,38,86,9,18,0,19,40
95MM14S2,1676,348,115,233,1105,72,464,60,61,250,93,2,144,46,42,50,6,423,150,149,124,223,41,55,0,13,114
95MM15S1,1681,174,75,99,1395,108,1041,156,184,462,239,0,82,14,9,53,6,164,42,31,91,112,42,30,0,7,33
95MM15S2,2648,179,65,114,2282,84,1641,188,283,922,248,0,136,42,33,61,0,421,122,213,86,187,57,48,0,8,74
95MM16S1,2407,241,60,181,1916,54,1082,126,245,537,174,0,217,68,47,99,3,563,205,235,123,250,63,107,0,8,72
95MM16S2,3271,227,54,173,2719,126,1991,294,363,1065,269,2,230,102,51,74,3,370,125,174,71,325,82,145,0,8,90
95MM17S1,1962,77,19,58,1687,40,1297,128,286,539,344,2,81,20,27,25,9,267,92,94,81,198,61,72,0,3,62
95MM17S2,1787,237,70,167,1275,82,717,88,167,221,241,2,69,32,21,9,7,405,129,138,138,275,74,90,4,2,105
95MM18S1,2241,168,51,117,1828,72,1314,150,224,649,291,0,131,34,30,60,7,311,87,101,123,245,72,83,0,3,87
95MM18S2,2875,191,42,149,2441,66,1797,176,308,1016,297,4,120,58,6,53,3,454,143,232,79,243,64,81,6,2,90
95MM19S1,1558,165,66,99,1222,96,852,172,118,245,317,0,77,38,28,4,7,197,60,63,74,171,35,51,0,4,81
95MM19S2,1486,224,30,194,1120,36,698,88,123,366,121,5,176,84,33,59,0,205,81,75,49,142,35,24,0,0,83
95MM20S1,1606,242,115,127,1273,134,758,146,151,298,163,0,94,34,37,13,10,287,66,125,96,91,13,21,0,10,47
95MM20S2,1752,238,125,113,1374,144,829,134,139,300,256,0,127,50,29,25,23,274,102,93,79,140,44,33,0,18,45
95MM21S1,1619,143,48,95,1357,64,922,140,174,381,227,0,70,20,21,25,4,301,106,119,76,119,25,43,0,0,51
95MM21S2,1762,124,53,71,1491,117,1080,178,204,420,278,2,66,22,18,23,3,226,47,94,85,147,31,44,0,5,67
95MM22S1,1219,135,62,73,944,102,555,62,101,209,183,0,59,24,6,26,3,228,47,95,86,140,50,43,0,6,41
95MM22S2,1253,140,91,49,921,124,648,84,149,139,276,0,41,16,7,12,6,108,38,15,55,192,58,74,0,7,53
95MM23W1,2476,379,98,281,1444,72,713,110,120,238,245,6,169,98,32,36,3,484,133,177,174,653,130,123,38,19,343
95MM24W1,2503,187,73,114,1842,104,875,76,140,339,320,4,75,20,26,26,3,784,213,363,208,474,116,226,0,4,128
95MM25S1,1289,120,20,100,961,20,358,38,67,118,135,0,72,8,9,45,10,511,127,300,84,208,75,70,0,0,63
95MM25S2,1458,97,18,79,1133,20,475,42,53,224,156,0,49,8,9,32,0,589,181,319,89,228,61,100,0,2,65
95MM25S3,1550,102,12,90,1196,12,513,36,86,294,97,0,83,22,19,42,0,588,190,334,64,252,48,129,0,10,65
95MM25S4,2057,135,41,94,1706,20,1065,86,218,555,206,0,81,22,27,32,0,540,165,282,93,216,66,102,2,4,42
95MM26S1,1743,122,30,92,1313,26,768,72,168,284,244,5,66,18,19,29,0,448,139,210,99,308,98,96,3,7,104
95MM26S2,1386,74,26,48,1138,56,879,126,219,283,251,0,31,14,6,5,6,172,49,63,60,174,46,67,0,5,56
95MM27S1,1945,601,118,483,815,42,377,36,59,172,110,0,77,60,6,8,3,319,118,89,112,529,71,43,54,12,349
95MM27S2,1272,207,50,157,751,74,425,86,67,138,134,3,76,42,27,7,0,173,46,59,68,314,41,35,69,8,161
95MM28W1,2269,525,132,393,1345,54,672,70,153,253,196,2,114,38,40,29,7,503,168,187,148,399,68,95,7,11,218
95MM29W1,3408,550,121,429,2347,94,1195,156,186,675,178,4,283,86,80,103,14,771,250,295,226,511,114,84,0,13,300
95MM30W1,2083,351,148,203,1298,78,655,80,117,242,216,2,81,22,18,38,3,482,152,186,144,434,107,115,6,24,182
95NN01S1,1448,174,63,111,1172,102,652,98,117,255,182,0,130,32,25,62,11,288,76,125,87,102,29,24,0,4,45
95NN01S2,1686,165,54,111,1335,64,976,112,155,455,254,4,75,26,16,33,0,216,62,79,75,186,33,76,0,10,67
95NN02W1,2211,194,88,106,1862,154,1237,162,217,488,370,0,103,42,33,22,6,368,88,144,136,155,43,56,0,9,47
95NN03S1,1319,193,99,94,1005,73,699,118,102,313,166,0,99,42,25,26,6,134,34,47,53,121,37,22,0,2,60
95NN03S2,1481,132,49,83,1241,98,849,140,153,392,164,0,84,20,30,30,4,210,55,93,62,108,44,25,0,2,37
95NN04W1,2861,363,115,248,2128,78,986,114,208,458,206,2,219,82,61,66,10,843,258,393,192,370,76,114,3,24,153
95NN05W1,2472,371,126,245,1904,140,1119,196,197,503,223,0,231,76,75,71,9,414,151,164,99,197,63,56,0,15,63
95NN06S1,1095,153,69,84,831,42,531,64,87,234,146,0,38,20,6,9,3,220,49,100,71,111,35,26,0,7,43
95NN06S2,2355,172,54,118,1977,72,1471,126,223,836,286,0,80,26,30,21,3,354,75,204,75,206,41,86,0,13,66
95NN07S1,1687,112,27,85,1470,26,882,130,158,379,215,2,159,22,59,71,7,401,112,200,89,105,31,40,0,0,34
95NN07S2,1541,242,114,128,1109,56,673,78,130,306,159,0,82,30,21,27,4,298,102,117,79,190,25,76,0,6,83
95NN08S1,1501,119,55,64,1285,84,938,140,207,374,217,2,93,32,22,31,8,168,46,43,79,97,7,8,0,5,77
95NN08S2,1768,134,61,73,1447,94,1048,140,180,497,231,2,99,38,34,27,0,204,47,97,60,187,38,66,0,13,70
95NN09S1,1684,99,43,56,1482,80,1175,172,221,565,217,0,93,22,25,40,6,134,36,50,48,103,17,26,0,11,49
95NN09S2,1298,123,65,58,1040,88,744,124,108,296,216,2,56,26,7,20,3,150,24,51,75,135,33,53,2,16,31
95NN10S1,1425,267,150,117,1046,132,685,158,104,269,154,0,37,22,0,12,3,192,58,58,76,112,20,15,0,9,68
95NN10S2,1686,139,58,81,1422,106,1008,150,142,531,185,0,100,34,24,42,0,208,53,103,52,125,26,41,0,4,54
95NN11S1,1784,119,52,67,1523,58,1048,148,173,491,236,0,156,60,45,48,3,261,90,82,89,142,17,51,0,9,65
95NN11S2,2092,108,59,49,1793,66,1446,144,228,756,318,0,95,24,29,31,11,186,50,68,68,191,55,82,0,13,41
95NN12W1,2851,330,114,216,2290,156,1537,252,223,762,300,0,191,72,27,89,3,406,128,157,121,231,73,38,0,9,111
95NN13W1,3012,197,117,80,2560,168,2031,316,294,997,424,0,126,42,31,35,18,235,47,62,126,255,61,109,0,10,75
95NN14S1,1781,175,68,107,1453,92,939,116,156,458,209,0,123,30,34,53,6,299,59,141,99,153,48,43,0,8,54
95NN14S2,1561,116,48,68,1300,52,929,146,160,496,127,0,108,18,34,47,9,211,48,112,51,145,38,45,0,0,62
95NN15W1,2944,393,169,224,2278,166,1299,244,281,523,251,6,348,100,78,141,29,459,125,191,143,273,82,92,0,11,88
95NN16S1,1545,101,56,45,1287,108,1000,156,159,492,193,2,51,26,7,18,0,126,15,48,63,157,21,91,0,10,35
95NN16S2,1693,100,56,44,1437,102,1082,150,223,480,229,0,64,28,12,17,7,189,35,77,77,156,46,66,0,6,38
95NN17W1,2252,299,119,180,1726,134,994,162,135,404,293,0,159,46,26,75,12,439,140,209,90,227,71,48,0,11,97
95NN18S1,1179,204,66,138,813,70,444,90,59,165,130,0,69,30,19,20,0,230,43,88,99,162,31,30,0,5,96
95NN18S2,1439,91,44,47,1245,90,908,104,182,419,203,0,53,10,8,35,0,194,37,103,54,103,38,24,0,6,35
95NN19S1,1695,196,104,92,1411,82,984,152,203,451,178,0,127,60,22,42,3,218,49,67,102,88,6,40,0,6,36
95NN19S2,1686,135,54,81,1459,152,1053,194,248,418,193,0,92,40,28,12,12,162,56,46,60,92,23,18,0,6,45
95NN20W1,2980,248,127,121,2409,142,1886,264,292,920,410,0,97,36,26,26,9,284,81,78,125,323,84,77,0,17,145
95NN21W1,2680,404,202,202,1995,212,1266,220,214,584,248,2,151,48,36,50,17,364,109,128,127,281,91,74,0,19,97
95NN22W1,2685,249,120,129,2178,166,1597,192,259,756,390,2,129,58,36,35,0,284,62,97,125,258,70,80,0,17,91
95NN23S1,1562,122,41,81,1313,42,1092,84,180,569,259,2,27,8,3,13,3,150,39,47,64,127,10,66,0,2,49
95NN23S2,1775,149,51,98,1460,102,1089,152,184,477,276,0,61,26,28,4,3,208,69,77,62,166,76,41,0,15,34
95OO01W1,2546,167,84,83,2139,90,1742,172,244,981,345,0,74,20,14,37,3,233,51,85,97,240,58,81,0,6,95
95OO02W1,2166,149,75,74,1799,70,1491,162,249,703,377,0,48,30,9,9,0,190,44,21,125,218,52,61,2,3,100
95OO03W1,2621,206,105,101,2180,112,1646,170,270,852,354,0,116,46,39,28,3,306,77,108,121,235,64,81,0,8,82
95OO04W1,2507,216,111,105,2087,104,1604,150,331,816,307,0,81,26,15,31,9,298,65,133,100,204,14,76,0,7,107
95OO05W1,2688,285,71,214,1826,70,966,140,205,428,193,0,225,64,73,78,10,565,145,263,157,577,164,134,0,8,271
95OO06W1,2860,178,71,107,2395,112,1912,192,367,887,466,0,102,30,35,34,3,269,62,104,103,287,50,85,0,17,135
95OO07W1,2510,202,97,105,2086,96,1680,170,292,765,453,0,87,28,24,29,6,223,55,71,97,222,36,98,0,19,69
95OO08W1,2674,179,94,85,2266,112,1862,168,279,937,478,0,79,28,15,21,15,213,61,74,78,229,53,81,0,15,80
95OO09W1,2223,181,89,92,1808,76,1422,128,245,712,337,0,74,18,21,27,8,236,53,69,114,234,33,104,2,17,78
95OO10W1,3460,238,85,153,2869,98,2013,188,350,959,516,0,150,40,36,74,0,608,162,278,168,353,96,123,0,17,117
95OO11W1,2485,288,81,207,1834,54,1149,148,198,561,242,0,115,34,34,34,13,516,177,206,133,363,101,139,0,8,115
95OO12W1,2788,216,79,137,2301,82,1580,200,257,747,376,0,127,46,33,45,3,512,129,281,102,271,65,60,0,26,120
95OO13W1,2667,231,100,131,1823,110,1225,202,241,549,233,0,176,40,82,47,7,312,106,131,75,613,156,128,0,12,317
95OO14W1,2588,182,90,92,2125,120,1693,190,256,927,320,0,101,34,15,49,3,211,48,73,90,281,30,153,0,9,89
95OO15W1,2353,231,90,141,1675,86,1011,98,181,507,225,0,123,34,31,46,12,455,137,190,128,447,120,168,6,14,139
95OO16W1,2114,249,126,123,1718,112,1207,178,192,539,298,0,147,68,24,43,12,252,72,59,121,147,15,33,0,2,97
95OO17W1,2724,204,83,121,2298,142,1777,274,317,831,355,0,118,40,30,45,3,261,61,89,111,222,29,100,0,15,78
95OO18W1,2891,306,115,191,2004,136,1341,164,255,641,281,0,190,64,68,58,0,337,100,121,116,581,192,113,2,17,257
95OO19W1,2989,246,99,147,2417,100,1875,174,337,1078,286,0,136,64,36,25,11,306,87,103,116,326,85,108,0,11,122
95OO20W1,2155,254,115,139,1691,144,1185,186,195,584,220,0,137,50,30,54,3,225,59,76,90,210,88,43,0,10,69
95OO21W1,2351,279,112,167,1643,120,1054,138,213,508,195,0,156,42,45,60,9,313,75,129,109,429,83,131,0,9,206
95OO22W1,3102,169,56,113,2647,72,2058,158,336,1087,477,0,90,28,14,40,8,427,80,158,189,286,65,117,0,19,85
95PP01W1,2586,243,102,141,2110,126,1623,226,285,835,277,0,124,36,18,60,10,237,44,82,111,233,72,75,4,11,71
95PP02W1,2541,274,139,135,1934,138,1535,198,207,738,392,0,78,30,23,25,0,183,39,59,85,333,63,134,0,27,109
95PP03W1,2512,303,130,173,1961,108,1481,178,313,639,351,0,94,38,32,24,0,278,78,85,115,248,54,72,0,7,115
95PP04W1,3171,230,110,120,2609,118,2023,230,292,1051,450,0,191,50,42,93,6,277,61,65,151,332,76,87,0,10,159
95PP05W1,2329,192,100,92,1887,110,1487,178,221,737,351,0,74,28,10,30,6,216,41,58,117,250,39,67,0,15,129
95PP06S1,1953,207,47,160,1547,34,885,138,165,424,158,0,192,70,57,55,10,436,144,196,96,199,65,45,3,4,82
95PP06S2,1840,256,105,151,1437,101,1047,184,168,458,237,0,114,48,27,36,3,175,53,56,66,147,39,30,0,10,68
95PP07W1,2728,250,111,139,2265,96,1801,240,256,903,402,0,115,50,21,44,0,253,59,86,108,213,60,47,0,19,87
95PP08W1,2678,244,123,121,2070,78,1646,188,254,771,433,0,127,54,33,36,4,219,41,62,116,364,38,124,0,20,182
95PP09W1,1607,303,118,185,1081,72,487,84,90,160,153,0,136,44,37,52,3,386,104,128,154,223,45,46,3,2,127
95PP10W1,2387,150,74,76,1965,128,1546,176,295,728,347,0,100,24,22,51,3,191,29,53,109,272,30,102,0,15,125
95PP11W1,2553,305,115,190,1921,146,1051,214,143,455,239,0,221,62,36,106,17,503,137,221,145,327,68,99,9,8,143
95PP12W1,2602,199,93,106,2131,92,1739,226,242,859,412,0,94,20,39,30,5,206,31,69,106,272,55,94,0,35,88
95PP13W1,2585,364,163,201,2043,116,1343,166,194,675,308,0,214,78,45,83,8,370,120,127,123,178,45,52,0,14,67
95PP14S1,1555,163,80,83,1261,46,975,124,142,510,199,0,55,18,18,13,6,185,25,89,71,131,26,62,0,6,37
95PP14S2,2046,210,88,122,1634,124,1220,204,218,571,227,0,115,58,28,26,3,175,58,54,63,202,64,55,0,20,63
95PP15W1,3182,236,97,139,2591,132,1993,254,292,1121,326,0,174,48,27,90,9,292,77,119,96,355,74,125,6,12,138
95PP16W1,1877,167,80,87,1498,142,1146,218,193,481,254,0,73,38,9,26,0,137,25,51,61,212,33,108,9,7,55
95PP17W1,2486,338,142,196,1907,118,1196,194,247,479,276,0,178,70,64,33,11,415,89,182,144,241,60,63,0,6,112
95PP18W1,3117,232,108,124,2536,122,1896,252,337,893,414,2,188,78,41,48,21,328,55,112,161,349,70,162,0,22,95
95PP19W1,2502,256,86,170,2011,106,1432,146,233,742,311,0,119,36,46,30,7,354,99,118,137,235,69,57,0,10,99
95PP20W1,3103,526,188,338,2235,108,1392,246,229,593,324,0,270,146,46,69,9,465,162,168,135,342,64,81,3,17,177
95PP21W1,2167,200,95,105,1757,72,1330,138,212,628,352,0,79,38,9,27,5,276,60,94,122,210,24,49,0,18,119
95PP22W1,2442,309,132,177,1927,154,1268,234,198,546,290,0,159,62,35,47,15,346,81,136,129,206,40,35,3,20,108
95PP23W1,2515,199,90,109,2054,98,1599,216,269,759,355,0,84,32,18,28,6,273,47,97,129,262,59,54,5,18,126
95QQ01W1,1483,263,106,157,1090,120,498,134,116,126,122,0,129,48,36,39,6,343,83,136,124,130,25,38,0,7,60
95QQ02W1,2582,223,77,146,2135,152,1496,332,261,626,277,6,219,86,58,75,0,262,69,111,82,224,40,105,2,2,75
95QQ03W1,1096,168,65,103,853,82,342,90,45,118,89,0,109,32,45,23,9,320,109,123,88,75,32,10,0,6,27
95QQ04W1,1635,190,68,122,1298,107,691,178,135,230,148,2,116,34,21,42,19,382,122,164,96,147,45,40,0,3,59
95QQ05W1,2872,250,121,129,2477,266,1862,362,361,738,401,2,137,40,26,61,10,210,56,76,78,145,43,42,0,5,55
95QQ06W1,2005,195,86,109,1604,96,1038,142,187,473,236,0,98,30,22,38,8,372,99,147,126,206,54,67,0,11,74
95QQ07W1,1775,433,188,245,1174,134,659,172,121,187,179,2,111,56,30,22,3,268,95,80,93,168,35,36,0,15,82
95QQ08W1,1455,280,123,157,1091,122,541,98,89,176,178,0,121,50,22,43,6,307,76,106,125,84,14,21,0,2,47
95QQ09W1,1846,285,170,115,1404,206,890,186,169,258,277,0,70,32,19,16,3,238,64,79,95,157,40,37,0,17,63
95QQ10W1,1851,171,80,91,1485,86,1154,200,218,533,203,0,68,22,15,28,3,177,57,47,73,195,23,83,0,12,77
95QQ11W1,2027,186,92,94,1669,118,1263,214,186,578,285,0,92,36,22,34,0,196,66,45,85,172,48,60,0,10,54
95QQ12W1,1697,258,97,161,1327,126,783,166,190,239,188,0,139,50,32,39,18,279,88,95,96,112,25,41,0,6,40
95QQ13W1,2568,234,110,124,2122,180,1453,340,285,495,333,0,170,76,46,45,3,319,97,138,84,212,46,78,0,4,84
95QQ14S1,3660,259,32,227,3246,96,2145,316,492,1028,309,0,423,170,115,115,23,582,207,288,87,155,35,49,0,4,67
95QQ14S2,1770,153,60,93,1463,110,1071,214,205,401,251,0,88,36,12,37,3,194,52,49,93,154,22,78,0,8,46
95QQ15W1,1592,294,128,166,1204,110,705,148,101,242,214,0,112,46,34,25,7,277,123,58,96,94,19,8,0,7,60
95RR01S1,2491,130,34,96,2222,86,1556,186,313,859,198,2,200,44,44,100,12,378,152,180,46,139,41,51,0,2,45
95RR01S2,1876,112,49,63,1620,88,1215,168,186,580,281,2,95,32,33,27,3,220,46,88,86,144,46,41,0,4,53
95RR02W1,1751,141,54,87,1417,100,955,132,220,363,240,0,129,28,44,42,15,233,64,91,78,193,47,56,0,2,88
95RR03W1,1422,227,62,165,1010,50,480,80,98,156,146,0,120,24,25,62,9,360,97,127,136,185,54,64,0,2,65
95RR04W1,2022,192,78,114,1690,72,1150,108,214,500,328,0,107,34,19,51,3,361,137,108,116,140,20,54,0,4,62
95RR05S1,1275,88,41,47,1133,60,839,156,155,322,206,0,74,28,15,25,6,160,44,63,53,54,23,7,0,2,22
95RR05S2,1194,137,50,87,964,42,418,62,99,158,99,4,172,36,32,94,10,328,106,147,75,93,29,9,0,0,55
95RR06W1,2206,138,66,72,1809,81,1417,120,216,733,348,0,55,14,15,23,3,256,40,98,118,259,66,100,0,4,89
95RR07W1,2449,150,54,96,2069,120,1560,228,263,687,382,0,140,46,41,47,6,249,77,90,82,230,60,89,0,8,73
95RR08W1,2106,119,48,71,1795,98,1405,154,251,667,333,0,78,32,9,33,4,214,41,62,111,192,42,33,0,11,106
95RR09S1,2146,175,64,111,1746,60,1236,128,218,543,347,0,91,30,17,36,8,359,112,134,113,225,71,74,0,6,74
95RR09S2,1525,169,15,154,1189,8,650,98,151,315,86,0,280,168,64,48,0,251,94,122,35,167,37,65,0,0,65
95RR10W1,1338,188,71,117,1038,72,515,94,84,197,140,0,106,34,21,48,3,345,120,133,92,112,33,24,0,8,47
95RR11W1,1803,141,62,79,1468,72,1143,136,190,490,327,0,75,16,12,37,10,178,37,57,84,194,43,47,0,19,85
95RR12W1,1452,153,76,77,1156,136,782,220,120,196,246,0,70,30,19,18,3,168,43,59,66,143,39,42,0,6,56
95RR13W1,1367,281,137,144,972,124,592,116,73,239,164,0,94,24,16,47,7,162,42,29,91,114,30,9,0,13,62
95RR14W1,1969,119,53,66,1586,62,1226,154,190,581,301,0,96,22,25,46,3,202,50,83,69,264,72,97,0,17,78
95RR15W1,2458,151,72,79,2102,56,1568,134,268,839,327,0,110,34,25,44,7,368,89,155,124,205,54,58,0,6,87
95SS01S1,1920,100,56,44,1608,130,1302,222,260,461,359,0,63,26,16,21,0,113,18,22,73,212,43,91,0,7,71
95SS01S2,2830,193,64,129,2461,112,1889,278,408,925,278,2,206,92,58,47,9,252,73,106,73,176,56,65,0,2,53
95SS02S1,2205,194,114,80,1882,196,1211,248,214,515,234,0,141,32,42,61,6,334,118,159,57,129,40,54,0,10,25
95SS02S2,2013,82,36,46,1843,114,1523,182,276,727,338,0,96,32,21,30,13,110,36,39,35,88,23,35,0,3,27
95SS03S1,1580,75,43,32,1372,168,1113,168,210,506,229,0,38,20,3,15,0,53,3,22,28,133,33,65,0,4,31
95SS03S2,1790,107,48,59,1516,164,1205,204,161,532,308,0,49,22,12,12,3,98,36,14,48,167,38,52,0,9,68
95SS04S1,2315,174,71,103,1956,58,1236,144,274,627,191,0,207,60,65,66,16,455,128,244,83,185,42,57,0,0,86
95SS04S2,1885,244,54,190,1524,60,967,198,204,383,182,2,199,104,43,47,5,296,92,113,91,117,43,28,8,0,38
95SS04S3,3352,333,72,261,2688,102,1964,332,406,947,279,4,347,148,90,94,15,271,85,117,69,331,46,111,34,9,131
95SS05S1,1572,264,101,163,1180,112,666,164,124,204,174,4,162,68,39,49,6,236,70,69,97,128,31,25,0,4,68
95SS05S2,1803,130,63,67,1551,186,1121,262,236,393,230,4,77,52,6,16,3,163,39,68,56,122,40,37,0,11,34
95SS06S1,1565,76,23,53,1217,18,513,50,71,244,148,0,91,10,36,45,0,595,157,349,89,272,79,133,0,0,60
95SS06S2,2365,122,15,107,2017,8,612,44,123,302,143,0,157,30,18,91,18,1240,337,795,108,226,78,104,0,2,42
95SS06S3,1969,101,20,81,1567,14,533,66,130,174,163,0,183,24,41,106,12,837,268,421,148,301,72,143,0,9,77
95SS07S1,3775,133,13,120,3228,16,1731,144,382,1029,176,0,345,108,88,145,4,1136,290,757,89,414,100,215,3,0,96
95SS07S2,1697,75,4,71,1437,26,946,80,174,573,119,0,87,28,32,27,0,378,74,271,33,185,65,79,0,0,41
95SS07S3,3872,604,222,382,2898,192,1757,296,373,823,265,2,406,170,71,140,25,541,152,204,185,370,68,102,0,16,184
95SS08S1,1934,99,51,48,1758,126,1383,238,220,663,262,0,101,26,28,32,15,148,40,52,56,77,10,38,0,6,23
95SS08S2,2724,183,82,101,2355,196,1709,266,312,806,325,2,165,62,55,31,17,283,64,113,106,186,30,58,0,13,85
95SS09S1,1697,206,69,137,1374,152,1009,222,148,457,182,0,103,58,18,27,0,110,27,30,53,117,36,25,0,9,47
95SS09S2,1667,130,64,66,1367,138,1051,200,146,468,237,0,60,24,21,12,3,118,34,38,46,170,26,57,0,11,76
95SS10S1,2199,322,109,213,1692,100,1057,168,241,476,172,4,173,90,53,27,3,358,122,141,95,185,29,68,0,6,82
95SS10S2,2136,102,32,70,1864,68,1558,122,334,698,404,0,57,34,3,17,3,181,49,81,51,170,54,55,15,4,42
95SS11S1,2946,158,67,91,2480,90,1827,184,281,1074,288,0,164,66,33,65,0,399,92,213,94,308,102,100,0,4,102
95SS11S2,2751,157,66,91,2271,116,1822,248,300,896,378,2,121,32,24,55,10,210,66,79,65,323,64,145,0,9,105
95SS12W1,3054,352,191,161,2477,310,1726,294,319,698,415,5,153,76,33,38,6,283,88,120,75,225,44,62,0,12,107
95SS13S1,1528,271,96,175,1109,92,573,114,133,191,135,2,199,86,35,58,20,243,63,107,73,148,24,38,0,2,84
95SS13S2,1376,249,100,149,1012,66,619,110,153,214,142,0,113,50,22,35,6,214,60,97,57,115,26,29,0,6,54
95SS14S1,1420,261,102,159,1026,94,503,116,117,159,111,2,160,44,24,86,6,267,102,86,79,133,23,64,0,2,44
95SS14S2,1485,144,76,68,1230,124,832,166,124,394,148,0,138,46,33,53,6,136,49,49,38,111,20,43,4,4,40
95SS15S1,1793,210,100,110,1506,186,1117,226,271,435,185,0,70,42,15,10,3,133,28,53,52,77,25,3,0,6,43
95SS15S2,1925,190,108,82,1621,178,1268,224,208,508,328,0,71,42,12,8,9,104,20,30,54,114,16,49,0,16,33
95SS16S1,1427,115,24,91,1184,32,893,86,158,375,274,0,66,24,33,9,0,193,63,66,64,128,37,57,0,0,34
95SS16S2,1687,185,59,126,1270,40,640,86,108,202,244,0,86,26,19,33,8,504,139,229,136,232,67,83,0,8,74
95SS17S1,2675,299,84,215,2146,132,1450,266,320,618,246,0,226,136,28,56,6,338,114,124,100,230,57,64,0,8,101
95SS17S2,1549,196,77,119,1223,62,713,164,176,215,158,4,145,38,31,73,3,299,79,116,104,130,45,30,0,5,50
95SS18S1,1415,211,77,134,1094,86,539,92,101,237,109,0,134,44,33,47,10,335,119,137,79,110,31,27,0,6,46
95SS18S2,1526,306,170,136,1071,108,627,118,127,250,132,0,100,38,15,40,7,236,87,69,80,149,17,52,0,14,66
95SS19S1,1305,231,76,155,969,74,610,158,106,235,111,0,119,60,9,34,16,166,64,38,64,105,18,30,0,2,55
95SS19S2,1432,205,77,128,1114,94,586,98,126,233,129,0,103,30,31,42,0,331,92,145,94,113,37,31,7,0,38
95SS20W1,2605,284,176,108,2170,338,1444,318,225,488,413,0,107,44,0,42,21,281,49,88,144,151,26,43,0,23,59
95SS21S1,2332,142,47,95,2052,96,1649,262,323,851,213,2,154,66,50,35,3,151,36,60,55,138,51,17,0,2,68
95SS21S2,2382,111,42,69,2088,168,1612,254,285,778,295,0,135,80,24,21,10,173,24,45,104,183,40,53,2,8,80
95SS22S1,1603,104,56,48,1409,110,1082,190,267,500,125,0,65,16,24,25,0,152,47,40,65,90,26,26,0,5,33
95SS22S2,1642,151,91,60,1406,168,988,220,191,362,215,2,107,42,15,50,0,141,41,52,48,85,24,31,2,2,26
95SS23S1,2155,238,84,154,1779,204,1272,290,211,562,209,2,151,74,29,36,12,150,35,52,63,138,60,31,0,2,45
95SS23S2,1658,156,57,99,1377,74,1024,172,173,452,227,0,111,44,30,34,3,168,61,60,47,125,23,31,0,3,68
95SS24S1,2757,221,82,139,2365,132,1802,288,358,862,294,2,210,80,57,60,13,219,68,78,73,171,28,51,0,11,81
95SS24S2,2317,210,69,141,1979,170,1469,216,245,732,276,2,132,56,18,55,3,206,56,53,97,128,13,58,0,7,50
95SS25W1,2589,374,143,231,1992,100,802,134,138,357,173,2,236,48,68,109,11,852,297,398,157,223,37,77,0,2,107
95SS26S1,1986,141,33,108,1573,18,597,98,74,198,227,2,144,26,44,56,18,812,224,445,143,272,50,146,4,0,72
95SS26S2,1795,83,28,55,1499,62,863,118,225,286,234,0,74,26,22,20,6,500,145,261,94,213,99,61,0,0,53
95SS27W1,2471,509,218,291,1755,176,1067,236,209,389,233,0,159,58,36,62,3,353,97,145,111,207,52,27,0,20,108
95SS28W1,2557,341,149,192,1948,120,1115,166,232,452,265,2,209,54,69,65,21,502,155,176,171,268,63,80,0,15,110
95SS29S1,1261,105,26,79,931,40,347,50,40,156,101,0,78,6,23,45,4,466,145,232,89,225,42,98,0,5,80
95SS29S2,1386,172,58,114,980,60,351,56,52,152,91,0,98,20,28,47,3,471,153,205,113,234,42,93,0,6,93
95SS30S1,640,74,44,30,515,68,351,70,66,129,86,0,37,20,12,5,0,59,15,16,28,51,4,29,0,8,10
95SS30S2,2230,179,101,78,1944,265,1474,272,263,708,231,0,60,26,16,12,6,145,49,37,59,107,44,21,0,13,29
95TT01W1,2748,157,84,73,2252,96,1846,118,274,1025,429,2,79,30,28,18,3,229,36,61,132,339,72,132,0,18,117
95TT02W1,2685,153,73,80,2237,92,1777,140,281,945,411,0,75,18,52,5,0,293,83,109,101,295,99,63,0,19,114
95TT03S1,1586,132,58,74,1320,74,867,130,155,431,151,2,127,68,30,21,8,250,75,97,78,134,12,30,0,2,90
95TT03S2,1707,133,52,81,1413,46,1124,124,173,582,245,0,93,30,12,45,6,150,23,65,62,161,55,59,0,6,41
95TT04W1,2984,256,101,155,2501,78,1963,200,247,1106,410,0,143,54,46,40,3,317,68,114,135,227,62,68,0,21,76
95TT05S1,1749,126,42,84,1434,80,1048,130,211,557,150,0,118,38,32,33,15,188,77,56,55,189,48,60,0,9,72
95TT05S2,1269,176,72,104,969,30,525,64,88,246,127,0,164,44,32,83,5,250,93,67,90,124,29,27,0,9,59
95TT06W1,2723,185,98,87,2292,96,1886,170,258,966,492,2,52,20,9,23,0,256,53,79,124,246,45,100,0,6,95
95TT07W1,2704,152,82,70,2307,112,1896,198,297,915,486,0,103,20,30,39,14,196,33,45,118,245,57,84,0,11,93
95TT08W1,2724,138,71,67,2377,96,1992,162,401,921,508,2,90,26,31,21,12,197,23,69,105,209,66,66,0,17,60
95TT09S1,1438,71,41,30,1226,62,1025,68,162,530,265,0,24,8,3,8,5,115,19,6,90,141,32,43,0,9,57
95TT09S2,1479,70,39,31,1242,42,1064,72,193,503,296,0,28,8,15,5,0,108,10,24,74,167,32,70,0,2,63
95TT10W1,2852,235,103,132,2262,100,1473,200,301,595,377,0,209,74,47,76,12,480,163,196,121,355,112,84,0,6,153
95TT11S1,1641,70,39,31,1378,56,1157,108,190,605,254,0,47,10,9,25,3,118,21,58,39,193,29,59,0,10,95
95TT11S2,1592,74,39,35,1382,54,1206,82,163,679,282,0,29,10,15,0,4,93,18,26,49,136,60,31,0,8,37
95TT12W1,2641,198,91,107,2245,138,1789,182,288,960,359,0,80,12,30,25,13,238,65,58,115,198,65,62,0,15,56
95TT13S1,1520,123,36,87,1252,52,883,126,148,392,217,0,96,28,27,41,0,221,74,79,68,145,13,69,0,0,63
95TT13S2,1398,168,74,94,1002,38,567,76,100,292,99,0,96,36,30,30,0,301,91,102,108,228,42,84,0,12,90
95TT14W1,2211,210,85,125,1721,130,1160,170,204,503,283,0,104,30,29,34,11,327,50,139,138,280,70,83,0,7,120
95TT15W1,2480,178,87,91,2052,120,1661,154,265,937,305,2,53,20,9,14,10,216,56,68,92,250,62,76,2,18,92
95TT16W1,2691,169,78,91,2265,118,1776,146,356,857,417,0,97,34,22,38,3,274,70,87,117,257,70,91,0,11,85
95UU06W1,1452,159,66,93,1189,120,800,114,122,389,175,0,57,18,15,18,6,212,56,90,66,104,19,25,0,12,48
95UU09W1,1688,141,54,87,1388,60,1068,140,118,565,245,0,52,18,9,22,3,208,57,80,71,159,25,71,4,7,52
95UU14W1,1723,232,75,157,1339,96,749,124,133,361,131,0,111,30,40,38,3,383,107,141,135,152,44,36,0,12,60
95UU99C1,2042,182,71,111,1648,76,1215,168,196,530,321,2,133,36,32,65,0,222,64,73,85,212,50,61,0,14,87
95UU99C2,1777,269,118,151,1413,173,763,172,92,308,191,0,117,26,14,68,9,360,99,164,97,95,21,28,0,10,36
95UU99C3,1795,252,130,122,1330,138,984,158,130,455,241,0,65,38,15,9,3,143,28,37,78,213,32,65,3,15,98
95UU99C4,1802,164,86,78,1459,112,1086,162,162,493,269,2,92,36,15,35,6,167,41,41,85,179,21,63,0,19,76
95UU99C5,2383,255,118,137,1903,142,1408,138,259,605,406,2,59,12,16,25,6,292,63,71,158,225,51,67,0,14,93
95UU99C6,2245,296,134,162,1687,88,1130,154,184,540,252,0,132,26,47,56,3,337,109,119,109,262,59,66,0,14,123
95VV01S1,1650,125,74,51,1371,84,1072,146,151,499,276,0,53,16,12,18,7,162,58,55,49,154,39,65,0,2,48
95VV01S2,1555,172,79,93,1269,90,895,138,203,376,178,0,78,14,15,41,8,206,49,70,87,114,24,34,0,10,46
95VV02W1,2182,393,171,222,1492,104,747,100,130,311,206,0,169,44,54,61,10,472,165,167,140,297,79,73,0,9,136
95VV03W1,2543,289,137,152,1954,114,1200,128,201,606,265,0,165,58,45,59,3,475,145,161,169,300,88,81,0,16,115
95VV04W1,3138,214,110,104,2641,160,2113,238,329,1113,433,0,119,32,24,54,9,249,72,82,95,283,91,89,0,21,82
95VV05S1,1949,108,54,54,1654,42,1358,116,198,780,264,0,93,22,3,57,11,161,31,46,84,187,31,51,2,20,83
95VV05S2,2542,87,27,60,2247,70,1845,132,232,1198,283,0,85,32,19,28,6,247,67,111,69,208,27,93,0,5,83
95VV06W1,3482,255,113,142,2869,100,2129,158,339,1159,473,0,117,44,22,48,3,523,131,229,163,358,80,126,2,14,136
95VV07S1,2052,319,101,218,1561,100,891,114,158,350,269,4,137,48,33,56,0,429,143,185,101,172,26,22,0,14,110
95VV07S2,2341,153,52,101,2054,96,1547,154,274,868,251,0,84,32,15,33,4,327,78,162,87,134,47,45,0,2,40
95VV08W1,3052,233,98,135,2462,58,1789,168,232,943,446,0,81,20,18,36,7,534,169,198,167,357,117,146,0,6,88
95VV09W1,2665,252,91,161,2023,98,1258,138,177,573,370,0,116,38,39,27,12,551,175,189,187,390,68,174,0,4,144
95VV10S1,1580,108,33,75,1276,54,667,48,149,324,146,0,128,46,30,52,0,427,168,163,96,196,40,69,2,0,85
95VV10S2,1575,172,60,112,1114,82,558,70,130,225,133,0,98,28,15,43,12,376,121,149,106,289,38,63,5,0,183
95VV11S1,2046,121,51,70,1760,104,1269,120,203,647,299,0,72,20,39,13,0,315,55,134,126,165,59,39,0,4,63
95VV11S2,2380,160,44,116,2002,76,1522,152,365,773,232,2,128,48,25,44,11,274,80,116,78,218,58,74,0,7,79
95VV12S1,1652,127,51,76,1263,70,781,82,151,385,163,0,84,24,23,29,8,328,103,138,87,262,44,92,0,9,117
95VV12S2,1523,156,59,97,1227,54,749,100,143,287,219,0,152,38,36,72,6,272,80,115,77,140,24,51,0,2,63
95VV13S1,2057,110,49,61,1729,60,1486,122,195,927,242,2,47,20,18,9,0,134,18,64,52,218,48,86,0,8,76
95VV13S2,1406,61,31,30,1222,38,1063,78,173,510,302,0,25,12,0,6,7,96,23,24,49,123,32,42,0,6,43
95VV14S1,1950,173,58,115,1393,48,926,96,174,454,202,2,118,48,30,37,3,299,95,106,98,384,106,86,0,3,189
95VV14S2,1386,187,83,104,1056,74,745,98,143,256,248,0,72,32,12,22,6,165,41,44,80,143,46,30,0,0,67
95VV15S1,1419,149,66,83,1034,24,594,58,86,270,180,2,61,14,17,24,6,353,136,109,108,236,49,41,0,4,142
95VV15S2,1665,139,49,90,1346,52,974,96,242,417,219,0,70,16,14,34,6,250,77,126,47,180,66,22,3,2,87
95VV16W1,3110,218,91,127,2531,116,1895,180,337,919,459,0,59,18,18,23,0,461,95,174,192,361,96,123,0,15,127
95VV17S1,2205,134,61,73,1815,84,1277,112,239,649,277,0,127,26,44,51,6,327,115,116,96,256,53,139,0,12,52
95VV17S2,2151,136,55,81,1752,52,1290,122,193,743,232,0,77,10,3,48,16,333,107,121,105,263,77,125,0,6,55
95VV18S1,1862,183,95,88,1535,108,1089,136,218,493,242,0,112,40,40,24,8,226,68,82,76,144,59,25,0,10,50
95VV18S2,1780,218,91,127,1314,56,864,128,121,352,263,2,133,36,31,60,6,259,76,95,88,248,38,95,0,12,103
95VV19S1,1288,165,96,69,987,120,618,76,96,277,169,0,87,16,18,50,3,162,44,37,81,136,5,68,0,6,57
95VV19S2,1681,168,47,121,1380,62,892,134,124,443,191,4,94,36,42,13,3,328,109,145,74,133,33,47,0,4,49
95VV20W1,2990,166,83,83,2396,120,1914,166,306,976,466,0,128,38,45,37,8,234,61,64,109,428,105,166,0,11,146
95VV21S1,2302,142,50,92,1961,56,1583,134,284,849,316,0,64,28,12,24,0,258,71,117,70,199,65,42,0,9,83
95VV21S2,1735,74,40,34,1463,50,1248,96,154,779,219,0,56,24,4,22,6,109,17,24,68,198,40,94,0,2,62
95VV22W1,2836,227,112,115,2368,60,1764,170,277,951,366,0,133,28,49,47,9,411,106,181,124,241,36,68,0,10,127
95VV23W1,2876,320,166,154,2231,138,1513,220,259,613,421,0,170,46,25,95,4,410,125,144,141,325,57,98,0,23,147
95VV24S1,1479,194,87,107,1146,86,896,130,141,461,164,0,33,22,3,4,4,131,28,43,60,139,20,21,2,6,90
95VV24S2,1535,246,119,127,1133,78,703,108,124,254,217,4,94,30,38,22,4,254,67,98,89,156,50,37,0,6,63
95VV25S1,1845,143,69,74,1525,60,1082,78,126,677,201,0,93,26,15,52,0,290,71,133,86,177,47,85,2,4,39
95VV25S2,1925,118,52,66,1607,50,1290,108,133,742,307,0,52,20,15,14,3,215,83,77,55,200,71,65,0,15,49
95VV26W1,3583,237,92,145,3029,104,2300,184,381,1262,473,0,193,60,24,90,19,432,115,174,143,317,64,129,0,14,110
95VV27W1,2237,292,116,176,1598,80,1001,166,167,308,360,0,132,40,39,37,16,385,107,112,166,347,106,67,0,20,154
95VV28S1,2157,214,84,130,1620,60,1135,156,216,538,225,3,106,48,24,24,10,316,81,123,112,323,114,84,0,7,118
95VV28S2,1284,180,71,109,957,46,570,88,99,239,144,0,91,28,39,24,0,250,110,52,88,147,20,50,0,8,69
95VV29W1,3366,194,88,106,2878,102,2316,218,328,1342,428,2,126,38,43,35,10,332,104,101,127,294,79,116,0,18,81
95VV30S1,1564,122,53,69,1257,124,965,152,237,388,188,0,51,22,3,23,3,117,36,30,51,185,48,46,4,3,84
95VV30S2,1341,150,50,100,972,68,598,70,117,241,170,0,121,30,33,55,3,185,51,57,77,219,52,49,0,4,114
95WW01S1,1372,238,112,126,980,122,582,138,93,186,165,0,76,44,15,13,4,200,60,53,87,154,31,18,11,10,84
95WW01S2,1370,219,103,116,1056,68,609,124,132,249,104,2,111,48,34,26,3,266,92,116,58,95,25,19,2,6,43
95WW02S1,1737,234,125,109,1395,94,856,180,169,331,176,0,156,56,33,54,13,289,71,129,89,108,23,43,0,4,38
95WW02S2,2039,179,72,107,1769,126,1140,168,230,552,190,0,119,52,37,24,6,384,131,168,85,91,16,35,0,0,40
95WW03S1,1616,296,140,156,1160,108,652,132,101,208,211,2,130,70,36,21,3,268,98,78,92,160,58,34,0,8,60
95WW03S2,2011,217,72,145,1660,86,1114,186,257,493,178,4,176,74,54,37,11,280,105,128,47,134,31,39,0,0,64
95WW04S1,1611,112,38,74,1390,94,848,152,172,376,148,3,154,54,21,69,10,291,85,131,75,109,23,33,0,0,53
95WW04S2,1255,88,36,52,1118,92,806,184,170,291,161,0,96,26,37,30,3,124,30,51,43,49,12,11,0,0,26
95WW05S1,1517,128,34,94,1281,78,949,174,165,331,279,0,93,34,21,28,10,161,29,87,45,108,24,29,0,0,55
95WW05S2,1236,226,130,96,919,116,528,82,95,208,143,0,63,24,15,21,3,212,58,59,95,91,13,32,0,8,38
95WW06S1,1525,121,53,68,1258,86,988,194,217,337,240,0,63,24,28,8,3,121,19,37,65,146,36,58,0,6,46
95WW06S2,1601,123,49,74,1389,125,1066,218,176,501,171,0,74,28,13,29,4,124,31,37,56,89,31,17,0,3,38
95WW07S1,1809,139,80,59,1547,144,1168,194,205,511,258,0,82,32,9,29,12,153,31,43,79,123,15,45,0,4,59
95WW07S2,2378,198,78,120,2053,156,1511,290,332,631,258,0,99,38,34,24,3,287,84,123,80,127,28,25,0,7,67
95WW08S1,1219,79,35,44,1079,106,709,126,138,289,156,2,97,28,28,37,4,165,63,56,46,61,21,19,0,6,15
95WW08S2,1340,153,99,54,1131,150,732,170,137,259,166,0,81,22,12,43,4,168,40,52,76,56,13,4,0,7,32
95WW09S1,1276,215,109,106,997,116,471,106,70,167,128,0,96,30,18,38,10,314,96,138,80,64,13,26,0,5,20
95WW09S2,1258,98,67,31,1105,224,768,168,116,258,226,0,38,20,9,9,0,75,13,29,33,55,13,8,0,10,24
95WW10S1,1718,147,59,88,1478,60,1016,148,204,427,237,2,140,40,27,73,0,260,64,98,98,93,26,28,0,8,31
95WW10S2,1228,144,90,54,1020,118,569,114,112,219,124,0,82,32,9,29,12,251,69,117,65,64,25,0,0,9,30
95WW11S1,1697,87,35,52,1471,80,1064,128,189,490,257,0,91,28,28,29,6,236,60,101,75,139,49,52,0,4,34
95WW11S2,1381,116,56,60,1203,148,805,114,156,286,249,0,84,28,25,31,0,166,55,69,42,62,15,20,0,5,22
95WW12W1,2377,395,157,238,1759,160,719,146,151,237,185,0,184,74,51,45,14,696,197,270,229,223,42,73,0,8,100
95WW13S1,1840,177,75,102,1538,122,1128,232,270,433,193,0,115,66,28,17,4,173,65,45,63,125,13,48,0,2,62
95WW13S2,1830,141,58,83,1559,70,1218,202,230,577,209,2,109,34,48,27,0,160,41,64,55,130,20,26,0,10,74
95WW14W1,2229,400,177,223,1638,108,720,140,123,254,203,0,176,56,58,50,12,634,238,244,152,191,55,54,0,0,82
95WW15S1,1599,132,54,78,1368,92,843,92,177,408,166,0,118,50,21,36,11,315,76,147,92,99,35,24,0,0,40
95WW15S2,1655,121,52,69,1419,118,1026,184,219,320,303,0,63,24,15,21,3,212,54,91,67,115,18,47,0,2,48
95WW16S1,1636,132,68,64,1403,116,868,130,152,362,224,0,123,56,38,23,6,296,76,132,88,101,25,24,2,2,48
95WW16S2,1297,253,119,134,931,74,433,102,103,121,107,0,135,58,42,32,3,289,122,101,66,113,27,20,0,2,64
95WW17W1,2266,308,150,158,1797,206,1086,266,195,333,292,0,159,66,29,52,12,346,113,141,92,161,38,43,0,11,69
95WW18W1,2228,349,173,176,1724,248,1038,178,210,409,241,0,156,50,34,63,9,282,96,75,111,155,53,30,0,16,56
95WW19S1,1872,186,105,81,1558,200,1059,184,257,429,189,0,92,32,27,33,0,207,50,69,88,128,32,31,3,5,57
95WW19S2,2047,64,18,46,1909,74,1583,220,329,854,180,2,101,34,18,49,0,149,44,75,30,74,15,20,0,0,39
95WW19S3,2306,124,66,58,2068,128,1751,264,308,884,295,0,60,32,6,19,3,129,21,56,52,114,32,29,10,2,41
95WW20S1,1827,143,66,77,1536,106,1177,198,231,517,231,0,91,32,19,21,19,162,50,47,65,148,36,53,0,14,45
95WW20S2,4574,299,28,271,3909,82,2761,448,617,1427,269,2,466,240,106,110,10,598,194,310,94,366,66,138,0,6,156
95WW20S3,1937,71,22,49,1759,74,1440,216,306,598,320,0,62,22,22,12,6,183,50,76,57,107,34,31,0,9,33
95WW21S1,1481,281,98,183,1087,104,456,134,73,123,126,0,148,48,49,42,9,379,103,205,71,113,23,23,0,8,59
95WW21S2,2026,204,50,154,1649,36,1067,148,201,582,136,2,181,66,43,72,0,363,91,212,60,173,40,57,8,0,68
95WW22S1,1414,114,55,59,1200,74,849,144,203,303,199,4,80,40,6,25,9,193,64,72,57,100,20,34,0,7,39
95WW22S2,1571,216,81,135,1274,74,598,140,115,177,166,4,169,58,42,56,13,429,137,208,84,81,32,13,5,0,31
95WW23S1,2042,288,108,180,1561,132,973,214,173,418,168,0,165,76,47,42,0,291,105,111,75,193,29,21,36,4,103
95WW23S2,1398,151,83,68,1138,138,824,142,164,350,168,0,59,18,6,28,7,117,27,49,41,109,20,9,6,0,74
95WW24S1,1498,254,89,165,1102,112,486,98,83,172,133,2,128,68,26,34,0,374,109,174,91,142,24,25,2,6,85
95WW24S2,1926,330,112,218,1451,68,569,116,110,208,135,0,245,78,65,89,13,569,245,226,98,145,20,20,5,2,98
95WW25W1,2071,575,241,334,1349,172,639,172,157,191,119,2,138,72,26,28,12,398,156,124,118,147,28,34,2,10,73
95XX01S1,1730,95,38,57,1545,108,1243,270,233,454,286,0,105,34,22,36,13,89,23,27,39,90,34,19,0,3,34
95XX01S2,1930,68,18,50,1766,30,1450,142,325,759,224,0,104,38,20,46,0,182,54,83,45,96,31,36,0,2,27
95XX01S3,1599,108,33,75,1433,78,1010,178,234,399,199,2,129,54,33,31,11,214,63,86,65,58,20,12,0,2,24
95XX02W1,2573,303,177,126,2143,220,1570,320,269,722,259,4,133,64,23,36,10,216,41,73,102,127,24,44,0,5,54
95XX03S1,1246,110,60,50,1063,136,801,196,126,310,169,0,46,16,6,24,0,80,19,31,30,73,8,42,0,7,16
95XX03S2,1475,94,30,64,1279,124,961,206,152,379,224,0,87,24,21,39,3,107,48,19,40,102,44,15,0,5,38
95XX04S1,1687,143,53,90,1468,118,1141,254,200,422,265,0,75,28,34,4,9,134,37,64,33,76,25,21,0,0,30
95XX04S2,1934,163,61,102,1668,84,1156,220,218,486,232,0,142,48,40,44,10,286,93,127,66,103,37,28,0,0,38
95XX05W1,2591,436,218,218,1970,322,1135,278,211,354,292,0,166,86,38,21,21,347,117,104,126,185,39,47,0,5,94
95XX06S1,1724,241,113,128,1376,96,695,186,152,224,133,0,163,36,32,88,7,422,113,211,98,107,37,23,0,4,43
95XX06S2,2054,254,77,177,1660,74,1138,186,282,485,185,0,170,76,31,54,9,278,81,128,69,140,35,47,0,4,54
95XX07S1,1420,168,76,92,1197,182,789,240,128,218,203,0,84,22,30,28,4,142,39,42,61,55,20,5,0,2,28
95XX07S2,1425,251,192,59,1092,154,745,142,123,346,134,0,89,28,17,44,0,104,15,44,45,82,16,15,0,10,41
95XX08S1,1323,209,126,83,1040,140,747,162,105,305,175,0,71,22,28,18,3,82,34,12,36,74,12,11,0,6,45
95XX08S2,1267,186,140,46,1017,176,670,174,146,222,128,4,52,22,10,14,6,115,20,46,49,64,13,5,0,9,37
95XX09S1,1280,251,173,78,934,172,575,158,75,202,140,4,43,24,12,4,3,140,38,60,42,95,27,26,0,6,36
95XX09S2,1429,203,106,97,1129,128,730,152,125,288,165,2,135,44,47,44,0,134,28,54,52,97,23,8,0,7,59
95XX10S1,1777,166,37,129,1512,58,886,114,152,496,124,0,180,44,24,109,3,388,108,175,105,99,16,41,0,2,40
95XX10S2,1840,136,30,106,1564,68,1160,182,263,590,125,0,138,62,44,28,4,198,59,95,44,140,43,44,0,0,53
95XX10S3,1204,122,36,86,994,50,541,100,110,225,106,0,139,40,34,62,3,264,100,112,52,88,25,22,0,2,39
95XX11S1,2443,247,44,203,2048,102,1307,348,233,543,183,0,303,110,78,105,10,336,105,159,72,148,35,15,0,2,96
95XX11S2,2269,226,42,184,1885,55,1251,238,316,578,119,0,298,148,67,80,3,281,126,109,46,158,15,62,0,5,76
95XX11S3,1535,260,79,181,1163,42,506,130,92,190,94,0,203,72,61,53,17,412,162,169,81,112,30,33,0,2,47
95XX12W1,2430,238,124,114,2078,308,1491,344,243,570,334,6,136,62,29,41,4,137,40,58,39,114,31,16,2,13,52
95XX13W1,2735,297,179,118,2307,400,1666,416,272,675,303,0,88,58,9,21,0,153,24,50,79,131,40,9,0,18,64
95XX14W1,2403,222,127,95,2045,296,1527,298,259,634,336,0,101,54,6,36,5,121,26,38,57,136,31,40,0,9,56
95XX15W1,2433,481,145,336,1763,178,979,232,160,349,238,0,170,82,42,37,9,436,121,158,157,189,33,41,0,4,111
95XX16W1,2995,420,232,188,2418,460,1605,524,242,495,344,2,144,78,24,27,15,207,28,44,135,157,44,54,0,4,55
95XX17S1,1469,360,90,270,837,38,399,112,101,116,70,2,181,96,36,43,6,217,69,57,91,272,48,30,2,0,192
95XX17S2,1527,223,66,157,1144,98,755,150,147,330,128,2,123,74,21,21,7,166,44,55,67,160,36,46,0,0,78
95XX18W1,2847,553,254,299,2010,166,1273,274,211,563,225,4,215,132,44,32,7,352,122,93,137,284,61,55,0,6,162
95XX19W1,2633,340,144,196,2154,256,1588,310,246,709,323,2,113,52,24,37,0,195,48,64,83,139,44,33,0,10,52
95XX20S1,1945,356,131,225,1448,110,797,148,207,269,173,0,148,50,49,34,15,393,99,143,151,141,20,46,0,16,59
95XX20S2,1160,124,37,87,983,30,774,118,170,466,20,8,51,24,9,18,0,120,44,48,28,53,22,5,0,2,24
95XX21W1,2713,339,198,141,2225,426,1502,334,212,711,245,0,109,56,27,20,6,188,56,55,77,149,22,27,2,14,84
95XX22W1,2215,328,119,209,1745,216,1103,296,204,347,256,2,187,64,49,50,24,237,73,76,88,142,40,24,2,4,72
95XX23W1,3065,536,150,386,2280,156,1352,296,349,480,227,0,349,168,94,60,27,423,175,116,132,249,36,35,0,7,171
95XX24S1,1336,109,66,43,1153,114,837,210,151,256,220,0,60,26,21,13,0,142,23,57,62,74,35,17,0,0,22
95XX24S2,1369,220,128,92,1104,196,701,166,157,223,155,0,71,32,15,17,7,136,38,46,52,45,17,10,0,4,14
95XX25W1,2445,406,168,238,1849,126,940,184,171,364,221,2,284,64,79,126,15,497,122,194,181,190,39,44,0,15,92
95YY01W1,2503,195,98,97,2110,106,1614,196,165,899,354,0,136,28,24,75,9,254,71,90,93,198,31,102,0,13,52
95YY02W1,2151,275,102,173,1697,98,1141,186,244,484,227,0,72,32,12,20,8,386,113,115,158,179,21,70,0,5,83
95YY03W1,3115,187,83,104,2645,100,2229,202,315,1270,442,0,89,34,16,33,6,227,49,82,96,283,58,129,0,21,75
95YY04W1,3433,295,91,204,2813,142,1960,260,354,986,360,0,208,68,78,56,6,503,159,204,140,325,66,93,0,11,155
95YY05W1,1630,281,132,149,1207,126,781,136,96,323,226,0,109,66,12,24,7,191,55,48,88,142,18,19,0,17,88
95YY06W1,2389,234,89,145,1935,76,1452,152,250,707,343,0,89,20,36,30,3,318,103,90,125,220,36,85,0,10,89
95YY07W1,2916,169,77,92,2513,96,2105,146,321,1177,461,0,77,18,19,40,0,235,52,75,108,234,51,75,0,19,89
95YY08W1,2231,215,84,131,1826,66,1479,124,260,776,319,2,53,26,19,8,0,226,60,51,115,190,71,22,0,11,86
95YY09W1,2250,363,144,219,1683,174,1106,210,197,386,313,0,119,44,37,26,12,284,96,105,83,204,56,23,0,0,125
95YY10W1,2140,124,70,54,1854,152,1502,188,233,743,338,0,35,10,3,16,6,165,13,46,106,162,35,33,0,10,84
95YY11W1,2046,273,109,164,1632,84,1152,144,208,519,281,0,111,42,22,38,9,285,74,77,134,141,25,32,0,8,76
95YY12W1,2748,203,91,112,2257,88,1809,220,302,1008,279,0,128,50,32,43,3,232,61,98,73,288,69,112,0,9,98
95YY13S1,1488,118,20,98,1256,54,840,96,146,471,127,0,82,22,15,39,6,280,93,128,59,114,27,24,0,2,61
95YY13S2,1345,197,71,126,1018,68,610,96,79,238,197,0,86,30,29,27,0,254,77,80,97,130,12,32,0,9,77
95YY14S1,1530,148,36,112,1265,34,862,88,138,439,197,0,99,36,29,24,10,270,71,140,59,117,31,27,0,7,52
95YY14S2,1564,157,47,110,1315,30,895,112,147,453,183,0,93,34,9,40,10,297,92,119,86,92,11,40,0,4,37
95YY15S1,364,101,66,35,248,34,135,38,25,43,29,0,27,14,6,4,3,52,12,7,33,15,4,5,0,0,6
95YY15S2,1669,253,52,201,1246,34,629,48,113,356,112,2,135,32,30,61,12,446,152,207,87,170,36,69,0,2,63
95YY16W1,2390,164,82,82,2070,88,1720,164,286,879,391,0,56,18,3,31,4,206,55,50,101,156,13,49,0,19,75
95YY17W1,2350,143,60,83,1989,70,1551,116,240,826,369,0,72,18,15,39,0,296,54,91,151,218,45,80,0,2,91
95YY18W1,2374,168,69,99,2021,66,1651,110,222,976,343,0,85,22,21,35,7,219,38,86,95,185,32,69,0,19,65
95YY19W1,1479,300,134,166,1017,78,600,100,131,234,135,2,115,70,30,15,0,222,69,63,90,162,34,24,2,5,97
95YY20W1,2330,149,76,73,2019,80,1752,122,284,872,474,0,35,6,6,19,4,152,21,23,108,162,35,62,0,8,57
95YY21W1,2437,180,77,103,2078,90,1711,132,295,894,390,2,73,22,19,32,0,202,37,82,83,179,31,45,0,19,84
95ZZ01W1,2760,221,98,123,2260,126,1668,206,317,781,364,0,126,52,37,26,11,340,96,117,127,279,108,84,0,12,75
95ZZ02W1,1827,194,66,128,1443,100,662,106,155,183,218,0,83,24,34,19,6,598,166,268,164,190,37,65,0,8,80
95ZZ03W1,2073,332,141,191,1512,114,925,116,167,370,272,0,121,38,22,61,0,352,118,126,108,229,74,48,0,13,94
95ZZ04W1,2628,209,96,113,2144,98,1628,156,214,804,454,0,77,30,19,21,7,341,87,116,138,275,51,75,0,16,133
95ZZ05W1,2187,210,102,108,1750,70,1365,124,216,642,383,0,73,14,18,33,8,242,55,100,87,227,52,79,0,23,73
95ZZ06W1,1714,318,121,197,1128,62,475,74,71,170,160,0,60,6,15,36,3,531,165,201,165,268,69,70,0,10,119
95ZZ07W1,2807,247,89,158,2306,118,1591,150,269,774,398,0,151,44,39,59,9,446,148,170,128,254,34,94,2,9,115
95ZZ08W1,2587,270,110,160,1984,88,1466,162,242,711,351,0,74,14,28,23,9,356,109,143,104,333,54,107,0,25,147
95ZZ09W1,2243,252,110,142,1744,88,1164,158,162,546,298,0,90,18,18,38,16,402,118,147,137,247,34,89,0,15,109
95ZZ10W1,3169,398,126,272,2487,130,1637,190,337,789,321,0,172,42,36,82,12,548,189,225,134,284,47,89,3,21,124
95ZZ11W1,2223,183,92,91,1787,96,1423,116,238,760,309,0,57,26,6,25,0,211,34,49,128,253,69,100,0,23,61
95ZZ12W1,2190,242,80,162,1739,132,1119,150,168,507,294,0,146,48,43,43,12,342,111,116,115,209,42,77,0,11,79
95ZZ13W1,2533,182,75,107,2016,98,1526,210,242,699,375,2,121,36,21,64,0,269,91,81,97,335,115,101,0,13,106
95ZZ14S1,1779,114,27,87,1471,42,964,108,170,469,217,0,76,28,25,16,7,389,139,167,83,194,49,95,0,4,46
95ZZ14S2,1356,101,34,67,1154,66,832,138,144,320,230,0,39,12,10,17,0,217,58,96,63,101,32,39,0,7,23
95ZZ15W1,2288,165,70,95,1958,114,1469,188,216,682,383,0,100,32,15,44,9,275,62,113,100,165,40,37,0,9,79
95ZZ16S1,1908,132,29,103,1640,36,1048,94,199,602,153,0,108,30,36,35,7,448,96,244,108,136,43,40,0,0,53
95ZZ16S2,1323,211,89,122,939,84,605,80,126,215,184,0,55,26,9,17,3,195,31,90,74,173,59,50,0,11,53
